{
    "name": "Оборудование для жизни",
    "description": "с некоторыми $(item)Arcane Ashes$() и горстка этого нового $(item)Binding Reagent$() , перед вами открылся целый мир защиты и полезности. $(br)Нажмите на значки ниже, чтобы увидеть список всех модификаторов.",
    "icon": "bloodmagic:livinghelmet",
    "parent": "bloodmagic:alchemy_array",
    "sortnum": 2
}