{
    "name": "Сигилы",
    "description": "$(item)Sigils$() формируются с использованием $(l:bloodmagic:alchemy_array/functional_arrays/crafting_array)Alchemy Array$() , некоторая форма $(item)Reagent$() и а $(l:bloodmagic:altar/slates)Slate$() . Они рисуют $(blood)LP$() от вашего $(l:bloodmagic:altar/soul_network)Soul Network$() для выполнения всевозможных полезных задач.",
    "icon": "bloodmagic:divinationsigil",
    "parent": "bloodmagic:alchemy_array",
    "sortnum": 1
}