{
    "name": "Огнестойкость",
    "icon": "minecraft:magma_cream",
    "category": "bloodmagic:alchemy_table/potion_flasks/vanilla",
    "pages": [
        {
            "type": "patchouli:text",
            "text": "$(thing)Fire Resistance$() делает цель невосприимчивой к большинству видов урона от огня."
        },
        {
            "type": "bloodmagic:3x_crafting_flask",
            "a.heading": "Fire Resistance (3:00)",
            "a.recipe": "bloodmagic:flask/fire_resist",
            "b.heading": "Fire Resistance (8:00)",
            "b.recipe": "bloodmagic:flask/length_fire_resist",
            "c.heading": "Fire Resistance (21:20)",
            "c.recipe": "bloodmagic:flask/length_average_fire_resist"
        }
    ]
}