{
    "name": "Мгновенное Здоровье",
    "icon": "minecraft:glistering_melon_slice",
    "category": "bloodmagic:alchemy_table/potion_flasks/vanilla",
    "pages": [
        {
            "type": "patchouli:text",
            "text": "$(thing)Instant Health$() лечит цель на 4 очка за уровень. Если цель $(thing)Undead$() , вместо этого им будет наноситься урон в размере 4 очков за уровень."
        },
        {
            "type": "bloodmagic:3x_crafting_flask",
            "a.heading": "Instant Health",
            "a.recipe": "bloodmagic:flask/health",
            "b.heading": "Instant Health II",
            "b.recipe": "bloodmagic:flask/potency_health",
            "c.heading": "Instant Health III",
            "c.recipe": "bloodmagic:flask/potency_average_health"
        }
    ]
}