{
    "name": "Мгновенный урон",
    "icon": "minecraft:iron_sword",
    "category": "bloodmagic:alchemy_table/potion_flasks/vanilla",
    "pages": [
        {
            "type": "patchouli:text",
            "text": "$(thing)Instant Damage$() наносит 6 очков $(thing)Magic Damage$() к цели на уровень. Если цель $(thing)Undead$() , вместо этого они будут исцеляться за 6 очков за уровень.$(br2)Он сделан из зелья либо $(l:bloodmagic:alchemy_table/potion_flasks/vanilla/instant_health)Instant Health$() или $(l:bloodmagic:alchemy_table/potion_flasks/vanilla/poison)Poison$() ."
        },
        {
            "type": "bloodmagic:3x_crafting_flask",
            "a.heading": "Damage from Health",
            "a.recipe": "bloodmagic:flask/health_to_harm",
            "b.heading": "Damage from Poison",
            "b.recipe": "bloodmagic:flask/poison_to_harm",
            "c.heading": "Instant Damage II",
            "c.recipe": "bloodmagic:flask/potency_harm"
        },
        {
            "type": "patchouli:text",
            "text": "добавление $(l:bloodmagic:alchemy_table/potions#average_potions)Standard Catalysts$() может еще больше усилить ваши зелья."
        },
        {
            "type": "bloodmagic:crafting_flask",
            "heading": "Instant Damage III",
            "recipe": "bloodmagic:flask/potency_average_harm"
        }
    ]
}