{
    "name": "Невидимость",
    "icon": "minecraft:glass_pane",
    "category": "bloodmagic:alchemy_table/potion_flasks/vanilla",
    "pages": [
        {
            "type": "patchouli:text",
            "text": "$(thing)Invisibility$() заставляет цель исчезать из виду, что затрудняет ее обнаружение. Этот эффект не распространяется ни на один $(item)Armour$() или удерживаемые предметы, любой из которых может выдать местоположение цели.$(br2)Он сделан из зелья $(l:bloodmagic:alchemy_table/potion_flasks/vanilla/night_vision)Night Vision$() ."
        },
        {
            "type": "bloodmagic:3x_crafting_flask",
            "a.heading": "Invisibility (3:00)",
            "a.recipe": "bloodmagic:flask/night_to_invis",
            "b.heading": "Invisibility (8:00)",
            "b.recipe": "bloodmagic:flask/length_invisibility",
            "c.heading": "Invisibility (21:20)",
            "c.recipe": "bloodmagic:flask/length_average_invisibility"
        }
    ]
}