{
    "name": "Левитация",
    "icon": "minecraft:shulker_shell",
    "category": "bloodmagic:alchemy_table/potion_flasks/vanilla",
    "pages": [
        {
            "type": "patchouli:text",
            "text": "$(thing)Levitation$() заставляет цель парить в воздухе. Более высокие уровни заставят цель левитировать быстрее.$(br2)Он сделан из зелья $(l:bloodmagic:alchemy_table/potion_flasks/vanilla/slow_falling)Slow Falling$() ."
        },
        {
            "type": "bloodmagic:3x_crafting_flask",
            "a.heading": "Levitation (3:00)",
            "a.recipe": "bloodmagic:flask/fall_to_levitation",
            "b.heading": "Levitation (8:00)",
            "b.recipe": "bloodmagic:flask/length_levitation",
            "c.heading": "Levitation II (1:30)",
            "c.recipe": "bloodmagic:flask/potency_levitation"
        },
        {
            "type": "patchouli:text",
            "text": "добавление $(l:bloodmagic:alchemy_table/potions#average_potions)Standard Catalysts$() может еще больше усилить ваши зелья."
        },
        {
            "type": "bloodmagic:2x_crafting_flask",
            "a.heading": "Levitation III (0:45)",
            "a.recipe": "bloodmagic:flask/potency_average_levitation",
            "b.heading": "Levitation (21:20)",
            "b.recipe": "bloodmagic:flask/length_average_levitation"
        }
    ]
}