{
    "name": "Регенерация",
    "icon": "minecraft:ghast_tear",
    "category": "bloodmagic:alchemy_table/potion_flasks/vanilla",
    "pages": [
        {
            "type": "patchouli:text",
            "text": "$(thing)Regeneration$() лечит цель с течением времени. Более высокие уровни увеличивают скорость исцеления."
        },
        {
            "type": "bloodmagic:3x_crafting_flask",
            "a.heading": "Regeneration (3:00)",
            "a.recipe": "bloodmagic:flask/regen",
            "b.heading": "Regeneration (8:00)",
            "b.recipe": "bloodmagic:flask/length_regen",
            "c.heading": "Regeneration II (1:30)",
            "c.recipe": "bloodmagic:flask/potency_regen"
        },
        {
            "type": "patchouli:text",
            "text": "добавление $(l:bloodmagic:alchemy_table/potions#average_potions)Standard Catalysts$() может еще больше усилить ваши зелья."
        },
        {
            "type": "bloodmagic:2x_crafting_flask",
            "a.heading": "Regeneration III (0:45)",
            "a.recipe": "bloodmagic:flask/potency_average_regen",
            "b.heading": "Regeneration (21:20)",
            "b.recipe": "bloodmagic:flask/length_average_regen"
        }
    ]
}