{
    "name": "Медленное падение",
    "icon": "minecraft:phantom_membrane",
    "category": "bloodmagic:alchemy_table/potion_flasks/vanilla",
    "pages": [
        {
            "type": "patchouli:text",
            "text": "$(thing)Slow Falling$() заставляет цель падать медленно и не получать урона от падения, подобно курице."
        },
        {
            "type": "bloodmagic:3x_crafting_flask",
            "a.heading": "Slow Falling (3:00)",
            "a.recipe": "bloodmagic:flask/slow_fall",
            "b.heading": "Slow Falling (8:00)",
            "b.recipe": "bloodmagic:flask/length_slow_fall",
            "c.heading": "Slow Falling (21:20)",
            "c.recipe": "bloodmagic:flask/length_average_slow_fall"
        }
    ]
}