{
    "name": "Медлительность",
    "icon": "minecraft:soul_sand",
    "category": "bloodmagic:alchemy_table/potion_flasks/vanilla",
    "pages": [
        {
            "type": "patchouli:text",
            "text": "$(thing)Slowness$() снижает скорость передвижения цели на 15% за уровень. $(br2)Он сделан из зелья либо $(l:bloodmagic:alchemy_table/potion_flasks/vanilla/speed)Speed$() или $(l:bloodmagic:alchemy_table/potion_flasks/vanilla/jump_boost)Jump Boost$() . $(br2)См. на обороте комбинации катализаторов."
        },
        {
            "type": "bloodmagic:2x_crafting_flask",
            "a.heading": "Slowness from Speed",
            "a.recipe": "bloodmagic:flask/speed_to_slow",
            "b.heading": "Slowness from Jump Boost",
            "b.recipe": "bloodmagic:flask/jump_to_slow"
        },
        {
            "type": "bloodmagic:2x_crafting_flask",
            "a.heading": "Slowness (8:00)",
            "a.recipe": "bloodmagic:flask/length_slowness",
            "b.heading": "Slowness II (1:30)",
            "b.recipe": "bloodmagic:flask/potency_slowness"
        },
        {
            "type": "bloodmagic:2x_crafting_flask",
            "a.heading": "Slowness III (0:45)",
            "a.recipe": "bloodmagic:flask/potency_average_slowness",
            "b.heading": "Slowness (21:20)",
            "b.recipe": "bloodmagic:flask/length_average_slowness"
        }
    ]
}