{
    "name": "Дыхание под водой",
    "icon": "minecraft:pufferfish",
    "category": "bloodmagic:alchemy_table/potion_flasks/vanilla",
    "pages": [
        {
            "type": "patchouli:text",
            "text": "$(thing)Water Breathing$() позволяет цели дышать под водой."
        },
        {
            "type": "bloodmagic:3x_crafting_flask",
            "a.heading": "Water Breathing (3:00)",
            "a.recipe": "bloodmagic:flask/water_breathing",
            "b.heading": "Water Breathing (8:00)",
            "b.recipe": "bloodmagic:flask/length_water_breathing",
            "c.heading": "Water Breathing (21:20)",
            "c.recipe": "bloodmagic:flask/length_average_water_breathing"
        }
    ]
}