{
    "name": "Слабость",
    "icon": "minecraft:fermented_spider_eye",
    "category": "bloodmagic:alchemy_table/potion_flasks/vanilla",
    "pages": [
        {
            "type": "patchouli:text",
            "text": "$(thing)Weakness$() уменьшает урон от атаки цели на 4 очка за уровень."
        },
        {
            "type": "bloodmagic:3x_crafting_flask",
            "a.heading": "Weakness (3:00)",
            "a.recipe": "bloodmagic:flask/weakness",
            "b.heading": "Weakness (8:00)",
            "b.recipe": "bloodmagic:flask/length_weakness",
            "c.heading": "Weakness II (1:30)",
            "c.recipe": "bloodmagic:flask/potency_weakness"
        },
        {
            "type": "patchouli:text",
            "text": "добавление $(l:bloodmagic:alchemy_table/potions#average_potions)Standard Catalysts$() может еще больше усилить ваши зелья."
        },
        {
            "type": "bloodmagic:2x_crafting_flask",
            "a.heading": "Weakness III (0:45)",
            "a.recipe": "bloodmagic:flask/potency_average_weakness",
            "b.heading": "Weakness (21:20)",
            "b.recipe": "bloodmagic:flask/length_average_weakness"
        }
    ]
}