{
    "name": "Подпрыгивать",
    "icon": "minecraft:slime_ball",
    "category": "bloodmagic:alchemy_table/potion_flasks/blood_magic",
    "pages": [
        {
            "type": "patchouli:text",
            "text": "Если цель получит урон от падения, $(thing)Bounce$() вместо этого заставит их безвредно подпрыгнуть над землей. Уии! $(br2)Приседание перед ударом предотвратит отскок."
        },
        {
            "type": "bloodmagic:3x_crafting_flask",
            "a.heading": "Bounce (3:00)",
            "a.recipe": "bloodmagic:flask/bounce",
            "b.heading": "Bounce (8:00)",
            "b.recipe": "bloodmagic:flask/length_bounce",
            "c.heading": "Bounce (21:20)",
            "c.recipe": "bloodmagic:flask/length_average_bounce"
        }
    ]
}