{
    "name": "Полет",
    "icon": "minecraft:feather",
    "category": "bloodmagic:alchemy_table/potion_flasks/blood_magic",
    "pages": [
        {
            "type": "patchouli:text",
            "text": "$(thing)Flight$() дает цели временную дозу креативного Полета, аналогичного тому, как если бы они находились в пределах досягаемости $(l:bloodmagic:rituals/ritual_list/ritual_condor)Reverence of the Condor$() ритуал. Более высокие уровни увеличивают скорость полета. $(br2)Он создан из колбы, содержащей как $(l:bloodmagic:alchemy_table/potion_flasks/blood_magic/suspended)Suspended$() и $(l:bloodmagic:alchemy_table/potion_flasks/vanilla/levitation)Levitation$() эффекты."
        },
        {
            "type": "bloodmagic:3x_crafting_flask",
            "a.heading": "Flight (3:00)",
            "a.recipe": "bloodmagic:flask/suspended_to_flight",
            "b.heading": "Flight (8:00)",
            "b.recipe": "bloodmagic:flask/length_flight",
            "c.heading": "Flight II (1:30)",
            "c.recipe": "bloodmagic:flask/potency_flight"
        },
        {
            "type": "patchouli:text",
            "text": "добавление $(l:bloodmagic:alchemy_table/potions#average_potions)Standard Catalysts$() может еще больше усилить ваши зелья."
        },
        {
            "type": "bloodmagic:2x_crafting_flask",
            "a.heading": "Flight III (0:45)",
            "a.recipe": "bloodmagic:flask/potency_average_flight",
            "b.heading": "Flight (21:20)",
            "b.recipe": "bloodmagic:flask/length_average_flight"
        }
    ]
}