{
    "name": "Гравитация",
    "icon": "minecraft:tropical_fish",
    "category": "bloodmagic:alchemy_table/potion_flasks/blood_magic",
    "pages": [
        {
            "type": "patchouli:text",
            "text": "$(thing)Gravity$() заставляют цель падать быстрее и получать больше урона при приземлении. Однако это не уменьшает высоту прыжка. $(br2)Он создается из колбы, содержащей как $(l:bloodmagic:alchemy_table/potion_flasks/blood_magic/grounded)Grounded$() и $(l:bloodmagic:alchemy_table/potion_flasks/vanilla/slow_falling)Slow Falling$() эффекты."
        },
        {
            "type": "bloodmagic:3x_crafting_flask",
            "a.heading": "Gravity (3:00)",
            "a.recipe": "bloodmagic:flask/gravity",
            "b.heading": "Gravity (8:00)",
            "b.recipe": "bloodmagic:flask/length_gravity",
            "c.heading": "Gravity II (1:30)",
            "c.recipe": "bloodmagic:flask/potency_gravity"
        },
        {
            "type": "patchouli:text",
            "text": "добавление $(l:bloodmagic:alchemy_table/potions#average_potions)Standard Catalysts$() может еще больше усилить ваши зелья."
        },
        {
            "type": "bloodmagic:2x_crafting_flask",
            "a.heading": "Gravity III (0:45)",
            "a.recipe": "bloodmagic:flask/potency_average_gravity",
            "b.heading": "Gravity (21:20)",
            "b.recipe": "bloodmagic:flask/length_average_gravity"
        }
    ]
}