{
    "name": "Заземленный",
    "icon": "minecraft:string",
    "category": "bloodmagic:alchemy_table/potion_flasks/blood_magic",
    "pages": [
        {
            "type": "patchouli:text",
            "text": "$(thing)Grounded$() не дает цели прыгать. Плавание, однако, не влияет. $(br2)Он сделан из зелья $(l:bloodmagic:alchemy_table/potion_flasks/vanilla/jump_boost)Jump Boost$() ."
        },
        {
            "type": "bloodmagic:3x_crafting_flask",
            "a.heading": "Grounded (3:00)",
            "a.recipe": "bloodmagic:flask/jump_to_grounded",
            "b.heading": "Grounded (8:00)",
            "b.recipe": "bloodmagic:flask/length_grounded",
            "c.heading": "Grounded (21:20)",
            "c.recipe": "bloodmagic:flask/length_average_grounded"
        }
    ]
}