{
    "name": "Тяжёлое Сердце",
    "icon": "minecraft:slime_ball",
    "category": "bloodmagic:alchemy_table/potion_flasks/blood_magic",
    "pages": [
        {
            "type": "patchouli:text",
            "text": "$(thing)Heavy Heart$() тянет цель неуклонно вниз, что значительно затрудняет полет и плавание. $(br2)Он создан из колбы, содержащей как $(l:bloodmagic:alchemy_table/potion_flasks/blood_magic/gravity)Gravity$() и $(l:bloodmagic:alchemy_table/potion_flasks/vanilla/instant_health)Instant Health$() эффекты."
        },
        {
            "type": "bloodmagic:3x_crafting_flask",
            "a.heading": "Heavy Heart (3:00)",
            "a.recipe": "bloodmagic:flask/gravity_to_heart",
            "b.heading": "Heavy Heart (8:00)",
            "b.recipe": "bloodmagic:flask/length_heavy_heart",
            "c.heading": "Heavy Heart II (1:30)",
            "c.recipe": "bloodmagic:flask/potency_heavy_heart"
        },
        {
            "type": "patchouli:text",
            "text": "добавление $(l:bloodmagic:alchemy_table/potions#average_potions)Standard Catalysts$() может еще больше усилить ваши зелья."
        },
        {
            "type": "bloodmagic:2x_crafting_flask",
            "a.heading": "Heavy Heart III (0:45)",
            "a.recipe": "bloodmagic:flask/potency_average_heavy_heart",
            "b.heading": "Heavy Heart (21:20)",
            "b.recipe": "bloodmagic:flask/length_average_heavy_heart"
        }
    ]
}