{
    "name": "Обсидиановый плащ",
    "icon": "minecraft:diamond",
    "category": "bloodmagic:alchemy_table/potion_flasks/blood_magic",
    "pages": [
        {
            "type": "patchouli:text",
            "text": "$(thing)Obsidian Cloak$() снижает весь урон, получаемый от немагических источников, на 20% за уровень."
        },
        {
            "type": "bloodmagic:3x_crafting_flask",
            "a.heading": "Obsidian Cloak (3:00)",
            "a.recipe": "bloodmagic:flask/hard_to_obsidian",
            "b.heading": "Obsidian Cloak (8:00)",
            "b.recipe": "bloodmagic:flask/length_obsidian_cloak",
            "c.heading": "Obsidian Cloak II (1:30)",
            "c.recipe": "bloodmagic:flask/potency_obsidian_cloak"
        },
        {
            "type": "patchouli:text",
            "text": "добавление $(l:bloodmagic:alchemy_table/potions#average_potions)Standard Catalysts$() может еще больше усилить ваши зелья."
        },
        {
            "type": "bloodmagic:2x_crafting_flask",
            "a.heading": "Obsidian Cloak III (0:45)",
            "a.recipe": "bloodmagic:flask/potency_average_obsidian_cloak",
            "b.heading": "Obsidian Cloak (21:20)",
            "b.recipe": "bloodmagic:flask/length_average_obsidian_cloak"
        }
    ]
}