{
    "name": "Спектральное зрение",
    "icon": "minecraft:glowstone_dust",
    "category": "bloodmagic:alchemy_table/potion_flasks/blood_magic",
    "pages": [
        {
            "type": "patchouli:text",
            "text": "$(thing)Spectral Sight$() освещает близлежащих существ, как будто у них есть бафф «Сияние». Базовый радиус действия составляет 24 блока, а более высокие уровни увеличивают радиус действия на дополнительные 32 блока за уровень.$(br2)Он сделан из зелья $(l:bloodmagic:alchemy_table/potion_flasks/vanilla/night_vision)Night Vision$() ."
        },
        {
            "type": "bloodmagic:3x_crafting_flask",
            "a.heading": "Spectral Sight (3:00)",
            "a.recipe": "bloodmagic:flask/night_to_spectral",
            "b.heading": "Spectral Sight (8:00)",
            "b.recipe": "bloodmagic:flask/length_spectral_sight",
            "c.heading": "Spectral Sight II (1:30)",
            "c.recipe": "bloodmagic:flask/potency_spectral_sight"
        },
        {
            "type": "patchouli:text",
            "text": "добавление $(l:bloodmagic:alchemy_table/potions#average_potions)Standard Catalysts$() может еще больше усилить ваши зелья."
        },
        {
            "type": "bloodmagic:2x_crafting_flask",
            "a.heading": "Spectral Sight III (0:45)",
            "a.recipe": "bloodmagic:flask/potency_average_spectral_sight",
            "b.heading": "Spectral Sight (21:20)",
            "b.recipe": "bloodmagic:flask/length_average_spectral_sight"
        }
    ]
}