{
    "name": "Приостановленный",
    "icon": "minecraft:cobweb",
    "category": "bloodmagic:alchemy_table/potion_flasks/blood_magic",
    "pages": [
        {
            "type": "patchouli:text",
            "text": "$(thing)Suspended$() не дает цели прыгать, падать или подвергаться воздействию гравитации каким-либо образом. Однако они все еще могут двигаться, скользя, как будто по плоской, бесконечной плоскости льда. $(br2)Он сделан из зелья $(l:bloodmagic:alchemy_table/potion_flasks/blood_magic/gravity)Gravity$() ."
        },
        {
            "type": "bloodmagic:3x_crafting_flask",
            "a.heading": "Suspended (3:00)",
            "a.recipe": "bloodmagic:flask/gravity_to_suspended",
            "b.heading": "Suspended (8:00)",
            "b.recipe": "bloodmagic:flask/length_suspended",
            "c.heading": "Suspended (21:20)",
            "c.recipe": "bloodmagic:flask/length_average_suspended"
        }
    ]
}