{
    "name": "Аспекты демонической воли",
    "icon": "bloodmagic:vengefulcrystal",
    "category": "bloodmagic:demon_will/will_manipulation",
    "extra_recipe_mappings": {
        "bloodmagic:steadfastdemoncrystal": 2,
        "bloodmagic:corrosivedemoncrystal": 2,
        "bloodmagic:destructivedemoncrystal": 2,
        "bloodmagic:vengefuldemoncrystal": 2,
        "bloodmagic:steadfastcrystal": 2,
        "bloodmagic:corrosivecrystal": 2,
        "bloodmagic:destructivecrystal": 2,
        "bloodmagic:vengefulcrystal": 2,
        "bloodmagic:basemonstersoul_vengeful": 2,
        "bloodmagic:basemonstersoul_corrosive": 2,
        "bloodmagic:basemonstersoul_steadfast": 2,
        "bloodmagic:basemonstersoul_destructive": 2
    },
    "pages": [
        {
            "type": "patchouli:text",
            "text": "Освобождение $(l:bloodmagic:demon_will/will_manipulation/demon_will)Demon Will$() в атмосферу, безусловно, была отличная идея. Она не только оказалась очень полезной в расширении прав и возможностей $(item)Rituals$() , вы также успешно сжали его в $(l:bloodmagic:demon_will/will_manipulation/crystallized_will)Crystal Cluster$() , и задаетесь вопросом, на что обратить свое внимание в следующий раз. $(br2)Эти $(item)Crystals$() чувствую себя как-то... противоречиво, по-вашему. Определенный $(l:bloodmagic:rituals/ritual_list/ritual_crystal_split)Ritual$() может помочь перевести их в более чистые формы..."
        },
        {
            "type": "patchouli:image",
            "images": [
                "bloodmagic:images/entries/demon_will/will_splitting.png"
            ],
            "title": "Aspects of Will",
            "border": true,
            "text": "The $(l:bloodmagic:rituals/ritual_list/ritual_crystal_split)Resonance of the Faceted Crystal$() ритуал в действии."
        },
        {
            "type": "patchouli:text",
            "text": "Теперь у нас есть $(item)Crystallized Will$() в четырех новых острых вкусах! на $(water)Water Rune$() у нас есть $(steadfast)Steadfast Will$() , на $(air)Air Rune$() мы получаем $(destructive)Destructive Will$() , на $(fire)Fire Rune$() приходит $(vengeful)Vengeful Will$() и на $(earth)Earth Rune$() мы находим $(corrosive)Corrosive Will.$() $(br2)Эти различные новые типы Воли могут быть сожжены в $(item)Demon Crucible$() точно так же, как и Сырая Воля, и оттуда может быть использована в различных Ритуалах для достижения великого и захватывающего эффекта."
        },
        {
            "type": "patchouli:text",
            "anchor": "sentient_aspects",
            "text": "Однако они также изменяют поведение ваших разумных инструментов, делая их более мощными.$(br) $(li) $(raw)Raw Will$() : Увеличивает урон. $(коррозионный) $(li)Corrosive Will$() : Атаки имеют шанс отравить или иссушить ваших врагов, в остальном то же самое, что и $(raw)Raw$() . $(мстительный) $(li)Vengeful Will$() : увеличивает урон, но не так сильно, как $(raw)Raw$() . Увеличивает скорость атаки. Дает бафф скорости передвижения, который увеличивается с увеличением количества Воли."
        },
        {
            "type": "patchouli:text",
            "text": "$(стойкий) $(li)Steadfast Will$() : Увеличивает урон (но не так сильно, как $(raw)Raw$() ) и дает поглощение после убийства. $(разрушительный) $(li)Destructive Will$() : Увеличивает урон больше, чем любой другой тип заклинания, но снижает скорость атаки."
        },
        {
            "type": "patchouli:text",
            "text": "Вы можете задаться вопросом: «Как, черт возьми, мне привести это завещание в пригодную для использования форму?» Что ж, ответ прост. Просто поместите ПУСТОЙ $(l:bloodmagic:demon_will/will_manipulation/soul_gem)Tartaric Gem$() в $(l:bloodmagic:demon_will/will_manipulation/soul_forge)Hellfire Forge$() в том же куске, что и $(item)Demon Crucible$() , затем наполните Тигель Демона Кристаллами Воли желаемого аспекта. Ваш $(l:bloodmagic:demon_will/will_manipulation/soul_gem)Tartaric Gem$() наполнится этим аспектом воли. Вы можете изменить, какой вид воли ваш $(raw)Sentient Tools$() используйте, нажав [$(k:use)] и удерживая их."
        },
        {
            "type": "patchouli:text",
            "text": "Обратите внимание, что ваш $(item)Sentient Tools$() примет на себя аспект наибольшего количества $(raw)Will$() в вашем инвентаре. Если вы несете 10 $(corrosive)Corrosive Will$() в одном $(l:bloodmagic:demon_will/will_manipulation/soul_gem)Tartaric Gem$() , и 1000 $(raw)Raw Will$() в другом, тогда твой меч останется $(raw)Raw$() . $(br2) $(l:bloodmagic:demon_will/will_manipulation/soul_forge)Hellfire Forge$() может принять любой вид $(raw)will$() для создания чего-либо, так что не беспокойтесь о необходимости жонглировать несколькими типами воли в разных $(item)Tartaric Gems$() ."
        }
    ]
}