{
    "name": "Индикатор ауры демонической воли",
    "icon": "bloodmagic:demonwillgauge",
    "category": "bloodmagic:demon_will/will_manipulation",
    "pages": [
        {
            "type": "patchouli:text",
            "text": "Находясь в инвентаре игрока, $(item)Demon Will Aura Gauge$() отобразит элемент HUD, показывающий, насколько $(raw)Demon Will$() находится в местном $(l:bloodmagic:demon_will/will_manipulation/aura)Aura$() . $(br2)Сверху вниз измеренные аспекты Воли следующие: $(li) $(raw)Raw$() $(ли) $(corrosive)Corrosive$() $(ли) $(steadfast)Steadfast$() $(ли) $(destructive)Destructive$() $(ли) $(vengeful)Vengeful$()"
        },
        {
            "type": "bloodmagic:crafting_soulforge",
            "recipe": "bloodmagic:soulforge/demon_will_gauge",
            "heading": "Demon Will Aura Gauge",
            "text": "Изображение элемента HUD прибора см. на обороте."
        },
        {
            "type": "patchouli:image",
            "images": [
                "bloodmagic:images/entries/demon_will/demon_will_aura_gauge.png"
            ],
            "title": "Aura Gauge HUD Element",
            "border": true
        },
        {
            "type": "patchouli:text",
            "text": "Этот датчик появится в левом верхнем углу экрана. Цветные полосы дадут вам хорошую оценку того, сколько каждого $(l:bloodmagic:demon_will/will_manipulation/aspected_will)Will Aspect$() находится в текущем фрагменте. $(br2)Вы можете удерживать [$(k:sneak)], чтобы получить числовое значение для каждого Аспекта, от 1 до 100 $(raw)Will$() для каждого. 100 — это максимальное количество любого одного аспекта $(raw)Will$() что может содержать в себе кусок."
        }
    ]
}