{
    "name": "Аура Воли Демона",
    "icon": "bloodmagic:demoncrucible",
    "category": "bloodmagic:demon_will/will_manipulation",
    "pages": [
        {
            "type": "patchouli:text",
            "text": "Как у нас есть $(l:bloodmagic:demon_will/will_manipulation/demon_will)established$() , $(raw)Demonic Will$() объединяется вокруг определенных существ и толкает их со злобной силой. Однако это не единственное место, где $(raw)Will$() может существовать. Сжигая $(raw)Will$() в $(item)Demon Crucible$() , можно высвободить волю в $(thing)Aura$() , с большим и захватывающим эффектом."
        },
        {
            "type": "bloodmagic:crafting_soulforge",
            "heading": "Demon Crucible",
            "recipe": "bloodmagic:soulforge/demon_crucible",
            "text": "Поставьте заряженный $(l:bloodmagic:demon_will/will_manipulation/soul_gem)Tartaric Gem$() или любой аспект $(item)Demon Will$() или $(item)Demon Crystal$() в него и дайте ему потечь. $(item)Crystals$() будет потреблен, как только кусок $(raw)Will$() опускается ниже 50, тогда как $(raw)Demon Will$() (в форме предмета или из $(item)Tartaric Gem$() ) будет потребляться понемногу, по мере необходимости."
        },
        {
            "type": "patchouli:image",
            "images": [
                "bloodmagic:images/entries/demon_will/demon_crucible.png"
            ],
            "title": "Demon Crucible",
            "border": true,
            "text": "The $(item)Demon Crucible$() , с $(l:bloodmagic:demon_will/will_manipulation/soul_gem)Tartaric Gem$() внутри него."
        },
        {
            "type": "patchouli:text",
            "text": "Теперь у нас есть $(raw)Raw Will$() в атмосфере. Отлично, что теперь? $(br2)Some $(thing)Rituals$() $(l:bloodmagic:rituals/ritual_tinkerer)benefit$() от $(raw)Raw Will$() , но главное преимущество этого — возможность создавать изысканные $(item)Demon Will Crystals$() и оттуда, $(l:bloodmagic:rituals/ritual_list/ritual_crystal_split)split them$() в их $(l:bloodmagic:demon_will/will_manipulation/aspected_will)Aspects$() . $(br2)Как только у вас есть некоторые из этих $(item)Aspected Will Crystals$() , вы можете сжечь их еще раз в $(item)Crucible$() чтобы выпустить их в $(thing)Aura$() для ваших ритуалов, которые принесут пользу."
        },
        {
            "type": "patchouli:text",
            "text": "Важно отметить, что $(thing)Aura$() основан на кусках. То есть, любой $(raw)Will$() вы сжигаете, заполнит кусок, в котором вы его сжигаете, до общего предела в 100 для каждого типа. Вы можете измерить это с помощью $(l:bloodmagic:demon_will/will_manipulation/aura_gauge)Demon Will Aura Gauge$() . $(br2)Чтобы переместить Демоническую Волю, просто поместите $(item)Demon Pylon$() в любом смежном куске, и $(raw)Will$() будут к нему тянуться."
        },
        {
            "type": "bloodmagic:crafting_soulforge",
            "heading": "Demon Pylon",
            "recipe": "bloodmagic:soulforge/demon_pylon",
            "text": "Пилон будет втягивать все виды воли из всех соседних кусков (не включая диагноналы). Несколько Пилонов могут быть соединены в цепочку для передачи Воли на большие расстояния."
        },
        {
            "type": "patchouli:text",
            "text": "Если вы поместите $(l:bloodmagic:demon_will/will_manipulation/soul_gem)Tartaric Gem$() , внутри $(l:bloodmagic:demon_will/will_manipulation/soul_forge)Hellfire Forge$() заставит его быстро впитываться $(raw)Will$() из куска, в котором он находится. $(br2)С аспектом $(raw)Will$() в куске, например $(raw)Raw$() или $(corrosive)Corrosive$() , и пустой $(item)Tartaric Gem$() , можно наполнить Камень этим Аспектом. $(br2)Это позволяет вам изменять ваш $(l:bloodmagic:demon_will/demonic_items/sentient_tools)Sentient Tools$() и $(l:bloodmagic:demon_will/demonic_items/sentient_sword)Sword$() соответственно. Эффекты определены $(l:bloodmagic:demon_will/will_manipulation/aspected_will#sentient_aspects)here$() ."
        },
        {
            "type": "patchouli:relations",
            "title": "Related Links",
            "entries": [
                "bloodmagic:rituals/ritual_tinkerer",
                "bloodmagic:demon_will/will_manipulation/crystallized_will",
                "bloodmagic:demon_will/will_manipulation/aspected_will",
                "bloodmagic:rituals/ritual_list/ritual_crystal_split",
                "bloodmagic:rituals/ritual_list/ritual_crystal_harvest"
            ],
            "text": "Я могу сделать больше, я чувствую это..."
        }
    ]
}