{
    "name": "Кристаллизованная воля",
    "icon": "bloodmagic:defaultcrystal",
    "category": "bloodmagic:demon_will/will_manipulation",
    "extra_recipe_mappings": {
        "bloodmagic:demoncrucible": 1,
        "bloodmagic:demoncrystallizer": 1,
        "bloodmagic:rawdemoncrystal": 1,
        "bloodmagic:defaultcrystal": 1
    },
    "pages": [
        {
            "type": "patchouli:text",
            "text": "Теперь, когда у вас есть много $(l:bloodmagic:demon_will/will_manipulation/demon_will)Demon Will$() в вашем $(l:bloodmagic:demon_will/will_manipulation/soul_gem)Tartaric Gem$() , пришло время узнать, что произойдет, если вы выпустите его в мир. $(br2)Сначала вам нужно будет получить $(raw)Will$() в $(l:bloodmagic:demon_will/will_manipulation/aura)Aura$() . Далее вам нужно будет сделать $(thing)Demon Crystallizer$() ."
        },
        {
            "type": "bloodmagic:crafting_soulforge",
            "heading": "Demon Crystallizer",
            "recipe": "bloodmagic:soulforge/demon_crystallizer",
            "text": "Это будет медленно потреблять $(l:bloodmagic:demon_will/will_manipulation/demon_will)Demon Will$() из $(l:bloodmagic:demon_will/will_manipulation/aura)Aura$() производить $(item)Will Crystals$() . Первый шпиль стоит 100 $(raw)Will$() для формирования, и все последующие шпили стоят 40 каждый, но могут быть сожжены за 50 в $(item)Demon Crucible$() , для чистого прироста в 10. Самый большой $(item)Crystal Cluster$() может быть до 7 шпилей."
        },
        {
            "type": "patchouli:text",
            "text": "Если у вас всего более 512 $(raw)Will$() в вашем инвентаре (в любом количестве $(l:bloodmagic:demon_will/will_manipulation/soul_gem)Tartaric Gems$() и любого типа), вы можете собрать эти кристаллы, щелкнув правой кнопкой мыши по шпилю пустой рукой. Это удалит все, кроме центрального шпиля. $(br2)Однако, если у вас недостаточно $(raw)will$() , $(italic)really$() нужен кристалл центрального шпиля или вы просто торопитесь, вы можете собрать его весь киркой."
        }
    ]
}