{
    "name": "Демоническая Воля",
    "icon": "bloodmagic:basemonstersoul",
    "category": "bloodmagic:demon_will/will_manipulation",
    "extra_recipe_mappings": {
        "bloodmagic:basemonstersoul": 0
    },
    "pages": [
        {
            "type": "patchouli:text",
            "text": "Как только у вас будет $(l:bloodmagic:altar/blood_altar)Blood Altar$() , вам нужно будет собрать несколько $(item)Demon Wills$() . Есть два способа получить Демоническую Волю:$(br)$(li)Убить моба, который был поражен $(l:bloodmagic:demon_will/will_manipulation/soul_snare)Soul Snare$(/l) и убит, когда появляются эффекты белых частиц.$(li)Убить враждебного моба с помощью $(l:bloodmagic:demon_will/demonic_items/sentient_sword)Sentient Sword$() .$(br)Поскольку вы только начинаете использовать мод, у вас еще не будет $(l:bloodmagic:demon_will/demonic_items/sentient_sword)Sentient Sword$() ,"
        },
        {
            "type": "patchouli:text",
            "text": "и поэтому необходимо будет использовать $(l:bloodmagic:demon_will/will_manipulation/soul_snare)Soul Snare$() . $(br2) $(item)Demon Will$() является повторяющимся ресурсом в $(blood)Blood Magic$() , и используется для питания $(l:bloodmagic:demon_will/will_manipulation/soul_forge)Hellfire Forge$() . $(br2)В преданиях $(blood)Blood Magic$() , $(raw)Demon Will$() это остаточный эффект, когда демон вселяет свою волю в тела мертвецов или других монстров."
        },
        {
            "type": "patchouli:image",
            "images": [
                "bloodmagic:images/entries/demon_will/demon_will.png"
            ],
            "title": "Demon Will",
            "border": true
        },
        {
            "type": "patchouli:text",
            "text": "Как только у вас будет немного $(raw)Will$() , вы можете использовать его для создания полезных инструментов в $(l:bloodmagic:demon_will/will_manipulation/soul_forge)Hellfire Forge$() . Если вы обнаружите, что они загромождают ваш инвентарь, возможно, $(l:bloodmagic:demon_will/will_manipulation/soul_gem)Tartaric Gem$() может помочь."
        }
    ]
}