{
    "name": "Драгоценные камни винного происхождения",
    "icon": "bloodmagic:soulgemgreater",
    "category": "bloodmagic:demon_will/will_manipulation",
    "pages": [
        {
            "type": "patchouli:text",
            "text": "$(l:bloodmagic:demon_will/will_manipulation/demon_will)Demon Will$() очень полезный ресурс, но фрагменты, которые вы получали до сих пор, определенно не имеют мощности. Вам нужен предмет для хранения; A $(item)Tartaric Gem$() кажется, как раз то, что нужно. Более того, он может впитать любые остатки $(l:bloodmagic:demon_will/will_manipulation/demon_will)Demon Will$() У вас, возможно, есть где-то валяются. Просто бросьте их на пол, и ваш блестящий новый драгоценный камень впитает их."
        },
        {
            "type": "bloodmagic:crafting_soulforge",
            "heading": "Petty Tartaric Gem",
            "recipe": "bloodmagic:soulforge/pettytartaricgem",
            "text": "Ваш первый драгоценный камень будет содержать максимум 64 $(l:bloodmagic:demon_will/will_manipulation/demon_will)Will$() . Гораздо компактнее, чем раньше! $(br2)Если вы когда-нибудь захотите перенести $(raw)Will$() от одного камня к другому, просто удерживайте [$(k:use)], удерживая камень, который вы хотите опустошить, и он перенесет свою волю в первый подходящий камень, который найдет в вашем инвентаре."
        },
        {
            "type": "patchouli:text",
            "text": "Твой $(item)Petty Tartaric Gem$() полезный инструмент, но ему явно не хватает мощности. Тщательно работая с ним $(item)Diamond$() , $(item)Lapis$() , и $(item)Redstone$() , вы нашли способ увеличить объем его памяти в четыре раза."
        },
        {
            "type": "bloodmagic:crafting_soulforge",
            "heading": "Lesser Tartaric Gem",
            "recipe": "bloodmagic:soulforge/lessertartaricgem",
            "text": "Этот укрепленный драгоценный камень может вместить до 256 $(l:bloodmagic:demon_will/will_manipulation/demon_will)Will$() . $(br2)Примечание: при обновлении вам понадобится только один драгоценный камень - $(item)Hellfire Forge$() нарисует $(raw)Will$() из камня, который он создает, прежде чем пытаться использовать волю из камня в его слоте для камней. Не волнуйтесь, недавно созданный камень будет содержать любые остатки $(raw)Will$() от процесса."
        },
        {
            "type": "patchouli:text",
            "text": "Твой $(item)Lesser Tartaric Gem$() заметное улучшение, но снова вы раздражаетесь из-за его ограничений. Для дальнейшего прогресса потребуется сосредоточиться на вашем $(l:bloodmagic:altar/blood_altar)Blood Altar$() , так как вам требуются полномочия $(l:bloodmagic:altar/slates)Imbued Slate$() . Сочетание этого сланца с вашим драгоценным камнем и его дальнейшее улучшение с помощью другого $(item)Diamond$() и а $(item)Block of Gold$() , вы нашли способ снова увеличить объем его памяти в четыре раза."
        },
        {
            "type": "bloodmagic:crafting_soulforge",
            "heading": "Common Tartaric Gem",
            "recipe": "bloodmagic:soulforge/commontartaricgem",
            "text": "Этот сложный драгоценный камень может вместить в себя впечатляющие 1024 $(l:bloodmagic:demon_will/will_manipulation/demon_will)Will$() ."
        },
        {
            "type": "patchouli:text",
            "text": "Вы явно превзошли себя, создав $(item)Common Tartaric Gem$() , но вы чувствуете, что можете сделать еще больше. Однако, чтобы получить больше от вашего драгоценного камня, потребуется кульминация всей вашей работы до сих пор. Вам нужно не только $(l:bloodmagic:altar/slates)Demonic Slate$() , вам также требуется $(l:bloodmagic:utility/alchemical_reaction_chamber#blood_shard)Weak Blood Shard$() $(o)and$() а $(l:bloodmagic:demon_will/will_manipulation/crystallized_will)Demon Will Crystal$() . Конечно, это будет сопровождаться соответствующими наградами, которые поддержат ваш $(l:bloodmagic:demon_will/demonic_items/sentient_tools)Sentient Tools$() Ничего подобного вы раньше не видели..."
        },
        {
            "type": "bloodmagic:crafting_soulforge",
            "heading": "Greater Tartaric Gem",
            "recipe": "bloodmagic:soulforge/greatertartaricgem",
            "text": "Этот шедевр искусства может вместить 4096 поразительных $(l:bloodmagic:demon_will/will_manipulation/demon_will)Will$() ."
        },
        {
            "type": "patchouli:text",
            "flag": "mod:curios",
            "text": "Так как у вас есть $(thing)Curios API$() установлен, вы можете оборудовать $(item)Tartaric Gems$() как ожерелье. Если вы хотите носить больше диковинок одновременно, рассмотрите возможность использования $(l:bloodmagic:alchemy_array/sigil/holding)Sigil of Holding$() , или $(l:bloodmagic:alchemy_array/living_equipment/armor_upgrades/curios_sockets)Socketed Upgrade$() для вашего $(l:bloodmagic:alchemy_array/living_equipment/living_basics)Living Armour$() ."
        }
    ]
}