{
    "name": "Ваша первая воля",
    "icon": "bloodmagic:soulsnare",
    "category": "bloodmagic:demon_will/will_manipulation",
    "priority": "true",
    "pages": [
        {
            "type": "bloodmagic:crafting_altar",
            "heading": "Soul Snare",
            "recipe": "bloodmagic:altar/soul_snare",
            "text": "$(item)Soul Snares$() ваши ворота в $(l:bloodmagic:demon_will/will_manipulation/demon_will)Demon Will$() часть $(blood)Blood Magic$() ."
        },
        {
            "type": "patchouli:text",
            "text": "Используя $(item)Snare$() достаточно просто - создайте их в большом количестве и бросьте в $(thing)hostile mobs$() . Вокруг них появятся эффекты белых частиц; тогда настанет время заняться убийством. После смерти они сбросят $(l:bloodmagic:demon_will/will_manipulation/demon_will)Demon Will$() . Прежде чем вы спросите, да, чары «Мародерство» увеличат количество $(raw)Will$() упал. Как только вы соберете пару, вы можете приступить к работе над созданием себе $(l:bloodmagic:demon_will/demonic_items/sentient_sword)Sentient Sword$() и а $(l:bloodmagic:demon_will/will_manipulation/soul_gem)Tartaric Gem$() - это сделает коллекционирование $(l:bloodmagic:demon_will/will_manipulation/demon_will)Demon Will$() намного проще."
        },
        {
            "type": "patchouli:image",
            "images": [
                "bloodmagic:images/entries/demon_will/snare_particles.png"
            ],
            "title": "Snare on Skeleton",
            "border": true,
            "text": "Скелет с белыми частицами после попадания в ловушку."
        }
    ]
}