{
    "name": "Кузница Адского Пламени",
    "icon": "bloodmagic:soulforge",
    "category": "bloodmagic:demon_will/will_manipulation",
    "pages": [
        {
            "type": "patchouli:text",
            "text": "The $(item)Hellfire Forge$() является одной из основных механик крафта $(blood)Blood Magic$() , наряду с самим $(l:bloodmagic:altar/blood_altar)Blood Altar$(/l). Здесь вы можете работать с $(l:bloodmagic:demon_will/will_manipulation/demon_will)Demon Will$() вы собрали урожай с мобов, чтобы иметь возможность создавать $(l:bloodmagic:demon_will/demonic_items/sentient_tools)Sentient Tools$() , включая $(l:bloodmagic:demon_will/demonic_items/sentient_sword)Sentient Sword$() , $(l:bloodmagic:demon_will/will_manipulation/soul_gem)Tartaric Gems$() , различный $(item)reagents$() , $(l:bloodmagic:alchemy_array/functional_arrays/arcane_ash)Arcane Ash$() и многое другое."
        },
        {
            "type": "patchouli:crafting",
            "recipe": "bloodmagic:soul_forge"
        }
    ]
}