{
    "name": "Будут катализаторы",
    "icon": "bloodmagic:rawcatalyst",
    "category": "bloodmagic:demon_will/will_manipulation",
    "pages": [
        {
            "type": "patchouli:text",
            "text": "если $(raw)Demon Will$() имеет один недостаток, это то, что сбор его - медленный, утомительный процесс. Даже при почти полном $(l:bloodmagic:demon_will/will_manipulation/soul_gem)Tartaric Gem$() и а $(l:bloodmagic:demon_will/demonic_items/sentient_sword)Sentient Sword$() очарованный $(thing)Looting III$() и дополнительно отполирован с $(l:bloodmagic:alchemy_table/anointments/looting_anointment)Plunderer's Glint II$() , это все равно ручной процесс, и у вас есть дела поважнее, чем суетиться, давя пауков и убивая скелетов."
        },
        {
            "type": "patchouli:text",
            "text": "К счастью, эту процедуру можно полностью автоматизировать, что даст вам больше времени для расширения вашей империи зла. (Или вернитесь к выращиванию свеклы, если вам так больше нравится.) $(br2)Первый шаг — получить немного $(l:bloodmagic/demon_will/will_manipulation/crystallized_will)Will Crystals$() . Мы можем использовать любой вид - $(raw)Raw$() , $(steadfast)Steadfast$() , $(destructive)Destructive$() , $(vengeful)Vengeful$() или $(corrosive)Corrosive$() Будет, если у нас будет 4 кристалла одного вида."
        },
        {
            "type": "bloodmagic:3x_crafting_soulforge",
            "a.heading": "Raw Crystal Cluster",
            "a.recipe": "bloodmagic:soulforge/raw_crystal_block",
            "b.heading": "Steadfast Cluster",
            "b.recipe": "bloodmagic:soulforge/steadfast_crystal_block",
            "c.heading": "Destructive Cluster",
            "c.recipe": "bloodmagic:soulforge/destructive_crystal_block"
        },
        {
            "type": "bloodmagic:2x_crafting_soulforge",
            "a.heading": "Vengeful Cluster",
            "a.recipe": "bloodmagic:soulforge/vengeful_crystal_block",
            "b.heading": "Corrosive Cluster",
            "b.recipe": "bloodmagic:soulforge/corrosive_crystal_block"
        },
        {
            "type": "patchouli:text",
            "text": "как только у вас появится этот кластер, просто поместите его в любой чанк, снабдите чанк волей соответствующего типа и ждите. В конце концов, вырастут новые шпили, как и кластеры, растущие на вершине $(l:bloodmagic:demon_will/will_manipulation/crystallized_will)Demon Crystallizer$() . $(br2)Вы даже можете автоматизировать разрушение этих дополнительных шпилей с помощью $(l:bloodmagic:rituals/ritual_list/ritual_crystal_harvest)Crack of the fractured Crystal$() ритуал и сбор полученных кристаллов с $(l:bloodmagic:rituals/ritual_list/ritual_zephyr)Call of the Zephyr$() ."
        },
        {
            "type": "patchouli:text",
            "text": "С базовым $(l:bloodmagic:demon_will/item_routing/routing_nodes)Routing Node system$() , вы даже можете отправить эти излишки кристаллов обратно в $(l:bloodmagic:demon_will/will_manipulation/crystallized_will)Demon Crucible$() для полностью автоматического, чистого положительного цикла. $(br2)Однако вы могли заметить небольшую проблему - эта настройка медленная. Очень, очень медленная. Каждый кристалл прорастает новый шпиль только раз в несколько минут, и на его появление уходит почти столько же воли, сколько вы получаете от его сжигания - в среднем получается около 1 воли / минута / шпиль."
        },
        {
            "type": "bloodmagic:3x_crafting_soulforge",
            "a.heading": "Raw Will Catalyst",
            "a.recipe": "bloodmagic:soulforge/raw_catalyst",
            "b.heading": "Steadfast Will Catalyst",
            "b.recipe": "bloodmagic:soulforge/steadfast_catalyst",
            "c.heading": "Destructive Will Catalyst",
            "c.recipe": "bloodmagic:soulforge/destructive_catalyst"
        },
        {
            "type": "bloodmagic:2x_crafting_soulforge",
            "a.heading": "Vengeful Will Catalyst",
            "a.recipe": "bloodmagic:soulforge/vengeful_catalyst",
            "b.heading": "Corrosive Will Catalyst",
            "b.recipe": "bloodmagic:soulforge/corrosive_catalyst"
        },
        {
            "type": "patchouli:text",
            "text": "К счастью, именно здесь наши новые друзья, $(item)Will Catalysts$() вмешаться. Удерживая один из этих катализаторов, просто нажмите [$(k:use)] на $(thing)Crystal Cluster$() того же типа, чтобы ускорить его рост! Каждый катализатор уменьшает количество воли, необходимое для роста шпиля, с 45 до всего лишь 25, и ускоряет рост в десять раз. Каждая доза хороша для роста десяти шпилей, что дает чистый бонус в размере 200 воли на катализатор."
        },
        {
            "type": "patchouli:text",
            "text": "Вы даже можете удвоить дозу своих кластеров, хотя это продлит эффект только на 20 ростов вместо 10 и не даст никаких других преимуществ. $(br2)Конечно, хитрый Сангвимансер понял, что это заменило одну ручную задачу — беготню и удары мечом по монстрам — на другую — беготню и удары катализатором по кристаллам."
        },
        {
            "type": "patchouli:text",
            "text": "К счастью, для этого тоже есть ритуал! $(l:bloodmagic:rituals/ritual_list/ritual_crystal_catalyst)Gathering of the Forsaken Souls$() автоматически применит катализаторы к любым кристаллам в зоне своего действия. С несколькими фермами и очень, очень умным $(thing)Routing Node$() настройка, можно автоматизировать все это, сверху донизу... Но, как говорится, это остается в качестве упражнения для читателя."
        }
    ]
}