{
    "name": "Воздушный Сигил",
    "icon": "bloodmagic:airsigil",
    "category": "bloodmagic:alchemy_array/sigil",
    "pages": [
        {
            "type": "patchouli:text",
            "text": "Бросает вас в том направлении, куда вы смотрите, ценой $(blood)50 LP$() за использование. Обратите внимание, что это не дает никакого эффекта падения пера, поэтому будьте осторожны при приземлении! Хороший способ быстро передвигаться, хотя и с некоторым риском. Многие неосторожные маги встретили свой конец, исчерпав $(blood)LP$() в их $(l:bloodmagic:altar/soul_network)Soul Network$() пролетая много миль над сельской местностью."
        },
        {
            "type": "bloodmagic:crafting_2-step_sigil",
            "alchemy_table.heading": "Air Reagent",
            "alchemy_table.recipe": "bloodmagic:alchemytable/reagent_air",
            "array.heading": "Air Sigil",
            "array.recipe": "bloodmagic:array/airsigil",
            "array.text": "$(italic)I feel lighter already...$()"
        }
    ]
}