{
    "name": "Сигил Кровавой Лампы",
    "icon": "bloodmagic:bloodlightsigil",
    "category": "bloodmagic:alchemy_array/sigil",
    "pages": [
        {
            "type": "patchouli:text",
            "text": "The $(item)Sigil of the Blood Lamp$() удобный инструмент для любого шахтера, исследователя подземелий или просто любого сангвимансера, которому не нравятся темные участки и который считает, что факелы и блоки светящегося камня мешают. При использовании этот символ запускает Кровавый Свет в направлении, куда вы смотрите. Когда он попадает в блок, он создает почти невидимый источник света за счет $(blood)10 LP$() ."
        },
        {
            "type": "bloodmagic:crafting_2-step_sigil",
            "alchemy_table.heading": "Blood Lamp Reagent",
            "alchemy_table.recipe": "bloodmagic:alchemytable/reagent_blood_light",
            "array.heading": "Sigil of the Blood Lamp",
            "array.recipe": "bloodmagic:array/bloodlightsigil",
            "array.text": "$(italic)I see a light!"
        }
    ]
}