{
    "name": "Символ гадания",
    "icon": "bloodmagic:divinationsigil",
    "category": "bloodmagic:alchemy_array/sigil",
    "pages": [
        {
            "type": "patchouli:text",
            "text": "The $(item)Divination Sigil$() вероятно, это первый из многих сигилов, которые вы хотели бы создать в Blood Magic. Чтобы создать сигилу, вам нужно создать $(l:bloodmagic:alchemy_array/functional_arrays/arcane_ash)Alchemy Array$(/l) и использовать $(item)Redstone Dust$() и а $(item)Blank Slate$() как базовый и каталитический элементы соответственно."
        },
        {
            "type": "bloodmagic:crafting_array",
            "heading": "Divination Sigil",
            "recipe": "bloodmagic:array/divinationsigil",
            "text": "$(курсив)Загляните в душу."
        },
        {
            "type": "patchouli:image",
            "images": [
                "bloodmagic:images/entries/sigil/divination_sigil.png"
            ],
            "title": "Divination Sigil Array",
            "border": true,
            "text": "Символ Прорицания рядом с набором для его создания."
        },
        {
            "type": "patchouli:text",
            "text": "Символ гадания имеет два основных применения: $(br)$(li)Когда любой игрок нажимает [$(k:use)], целясь в воздух привязанным символом, он отобразит количество $(blood)LP$() который находится в $(l:bloodmagic:altar/soul_network)Сети Душ владельца.$(/l)$(li)При нажатии [$(k:use)] на $(l:bloodmagic:altar/blood_altar)Алтаре Крови$(/l) игроку будет сообщен текущий уровень алтаря, количество $(blood)Life Essence$() хранящиеся в алтаре, а также его текущая максимальная вместимость. Имея $(item)Divination Sigil$() под рукой также может быть полезным для $(l:bloodmagic:utility/incense_altar)Incense Altar$() ."
        },
        {
            "type": "patchouli:image",
            "images": [
                "bloodmagic:images/entries/sigil/divination_sigil_info.png"
            ],
            "title": "Divination's Sigil Display",
            "border": true,
            "text": "Символ гадания отображает этот HUD, когда вы смотрите на Алтарь крови."
        },
        {
            "type": "patchouli:text",
            "text": "Наконец, при удерживании клавиши скрытности и нажатии [$(k:use)] открывается новый интерфейс, отображающий все доступные элементы HUD из Blood Magic. Элемент можно выбрать и переместить, щелкнув и перетащив его. Отпускание элемента и нажатие «Сохранить» сохранит новое местоположение элемента.$(br2)Выбор «По умолчанию» возвращает элементы в их положения по умолчанию."
        },
        {
            "type": "patchouli:image",
            "images": [
                "bloodmagic:images/entries/sigil/gui_editing.png"
            ],
            "title": "GUI Editing",
            "border": true,
            "text": "различные элементы графического интерфейса Blood Magic."
        },
        {
            "type": "patchouli:text",
            "text": "Элементы, идущие сверху вниз, затем слева направо, следующие: $(li) $(l:bloodmagic:utility/incense_altar)The Incense Altar$() (светло-серый)$(li) $(l:bloodmagic:alchemy_array/sigil/seer)The Seer's Sigil$() (фиолетовый)$(li) $(item)the Divination Sigil$() (лаванда)$(li) $(l:bloodmagic:demon_will/will_manipulation/aura_gauge)Demon Will Aura Gauge$() (orange) $(li) $(l:bloodmagic:alchemy_array/sigil/holding)The Sigil of Holding$() (зеленый)"
        }
    ]
}