{
    "name": "Печать Зелёной Рощи",
    "icon": "bloodmagic:growthsigil",
    "category": "bloodmagic:alchemy_array/sigil",
    "pages": [
        {
            "type": "patchouli:text",
            "text": "The $(item)Sigil of the Green Grove$() предмет, который имеет многоцелевое использование. Создан в массиве с $(item)Growth Reagent$() и а $(item)Reinforced Slate$() , сигил может использовать ваш $(thing)Soul Network$() 's $(blood)LP$() для питания и выращивания близлежащих растений."
        },
        {
            "type": "bloodmagic:crafting_2-step_sigil",
            "alchemy_table.heading": "Growth Reagent",
            "alchemy_table.recipe": "bloodmagic:alchemytable/reagent_growth",
            "array.heading": "Sigil of the Green Grove",
            "array.recipe": "bloodmagic:array/growthsigil"
        },
        {
            "type": "patchouli:image",
            "images": [
                "bloodmagic:images/entries/sigil/grove_sigil1.png",
                "bloodmagic:images/entries/sigil/grove_sigil2.png",
                "bloodmagic:images/entries/sigil/grove_sigil3.png"
            ],
            "title": "Green Grove Sigil Array",
            "border": true,
            "text": "Массив Символа Зеленой Рощи, а также его основные применения."
        },
        {
            "type": "patchouli:text",
            "text": "Если вы нажмете [$(k:use)] на блоке, который $(2)IGrowable$() , он применит эффект костной муки при потреблении $(blood)150 LP$() . $(br2)Однако, если удерживать [$(k:sneak)] и [$(k:use)] при наведении на воздух, он загорится, указывая на то, что он активирован, и будет расходовать $(blood)150 LP$() каждые 5 секунд, пока не будет деактивирован. Каждый блок в большом объеме 7x7x5, центрированный на игроке, будет иметь тик роста, примененный к нему. Хорошо для фарма этих картофелин!"
        },
        {
            "type": "patchouli:text",
            "flag": "mod:curios",
            "text": "Так как у вас есть $(thing)Curios API$() установлен, вы можете оборудовать это $(item)Sigil$() как амулет. Если вы хотите носить больше диковинок одновременно, рассмотрите возможность использования $(l:bloodmagic:alchemy_array/sigil/holding)Sigil of Holding$() , или $(l:bloodmagic:alchemy_array/living_equipment/armor_upgrades/curios_sockets)Socketed Upgrade$() для вашего $(l:bloodmagic:alchemy_array/living_equipment/living_basics)Living Armour$() ."
        }
    ]
}