{
    "name": "Сигил Холдинга",
    "icon": "bloodmagic:sigilofholding",
    "category": "bloodmagic:alchemy_array/sigil",
    "pages": [
        {
            "type": "patchouli:text",
            "text": "Этот сигил может содержать до 5 других $(item)Sigils$() за раз, предоставляя вам их пассивные эффекты и позволяя активировать их по своему желанию.$(br)Нажмите [ $(k:bloodmagic.keybind.open_holding)] while holding the Sigil to open its inventory.$() $(br)Нажмите [ $(k:bloodmagic.keybind.cycle_holding_pos)] to cycle forward,$() или [ $(k:bloodmagic.keybind.cycle_holding_neg)] to cycle backwards.$() Также можно использовать удержание [$(k:sneak)] и использование колесика мыши."
        },
        {
            "type": "bloodmagic:crafting_2-step_sigil",
            "alchemy_table.heading": "Holding Reagent",
            "alchemy_table.recipe": "bloodmagic:alchemytable/reagent_holding",
            "array.heading": "Sigil of Holding",
            "array.recipe": "bloodmagic:array/holdingsigil",
            "array.text": "$(italic)Sigil-ception"
        },
        {
            "type": "patchouli:text",
            "flag": "mod:curios",
            "text": "Так как у вас есть $(thing)Curios API$() установлен, вы можете оборудовать это $(item)Sigil$() как амулет. Если вы хотите носить больше диковинок одновременно, рассмотрите возможность использования $(l:bloodmagic:alchemy_array/living_equipment/armor_upgrades/curios_sockets)Socketed Upgrade$() для вашего $(l:bloodmagic:alchemy_array/living_equipment/living_basics)Living Armour$() ."
        }
    ]
}