{
    "name": "Печать Замёрзшего Озера [NYI]",
    "icon": "bloodmagic:icesigil",
    "category": "bloodmagic:alchemy_array/sigil",
    "extra_recipe_mappings": {
        "bloodmagic:icesigil": 0
    },
    "pages": [
        {
            "type": "patchouli:text",
            "text": "[Заметки в разработке]$(br)[Еще не реализовано]$(br2)Заклинание Ледяного странника как сигила."
        }
    ]
}