{
    "name": "Лавовый знак",
    "icon": "bloodmagic:lavasigil",
    "category": "bloodmagic:alchemy_array/sigil",
    "pages": [
        {
            "type": "patchouli:text",
            "text": "Сестринская сигила $(l:bloodmagic:alchemy_array/sigil/water)Сигила Воды$(/l). Нажмите [$(k:use)], удерживая $(item)Lava Sigil$() для создания исходного блока $(fire)lava$() на земле, за счет стоимости $(blood)1000 LP$() . Создано в $(l:bloodmagic:alchemy_array/functional_arrays/arcane_ash)Алхимическом массиве$(/l) с использованием $(item)Lava Reagent$() и а $(item)Blank Slate,$() он высосет из вас 5 сердец, если у вас недостаточно LP в вашей $(l:bloodmagic:altar/soul_network)Soul Network.$(/l)"
        },
        {
            "type": "bloodmagic:crafting_2-step_sigil",
            "alchemy_table.heading": "Lava Reagent",
            "alchemy_table.recipe": "bloodmagic:alchemytable/reagent_lava",
            "array.heading": "Lava Sigil",
            "array.recipe": "bloodmagic:array/lavasigil",
            "array.text": "$(italic)HOT! DO NOT EAT$()"
        },
        {
            "type": "patchouli:image",
            "images": [
                "bloodmagic:images/entries/sigil/lava_sigil1.png",
                "bloodmagic:images/entries/sigil/lava_sigil2.png"
            ],
            "title": "Lava Sigil Array",
            "border": true,
            "text": "Символ лавы, рядом с его набором для крафта, а также его основное применение."
        },
        {
            "type": "bloodmagic:crafting_alchemy_table",
            "heading": "Lava Bucket",
            "recipe": "bloodmagic:alchemytable/sigil_lava_bucket",
            "text": "Более того, его можно использовать в $(l:bloodmagic:alchemy_table/alchemy_table)Alchemy Table$() автоматизировать производство $(fire)Lava Buckets$() . В этом рецепте Печать не используется."
        }
    ]
}