{
    "name": "Печать Магнетизма",
    "icon": "bloodmagic:sigilofmagnetism",
    "category": "bloodmagic:alchemy_array/sigil",
    "pages": [
        {
            "type": "patchouli:text",
            "text": "Увеличивает радиус подбора предметов игроком до 7 блоков, когда активен. Включается/выключается, удерживая Sigil в руке, а затем удерживая [$(k:sneak)] и нажимая [$(k:use)]. $(br2)Потребляет 50 $(blood)LP$() каждые 5 секунд во время активности."
        },
        {
            "type": "bloodmagic:crafting_2-step_sigil",
            "alchemy_table.heading": "Magnetism Reagent",
            "alchemy_table.recipe": "bloodmagic:alchemytable/reagent_magnetism",
            "array.heading": "Sigil of Magnetism",
            "array.recipe": "bloodmagic:array/magnetismsigil"
        },
        {
            "type": "patchouli:text",
            "flag": "mod:curios",
            "text": "Так как у вас есть $(thing)Curios API$() установлен, вы можете оборудовать это $(item)Sigil$() как амулет. Если вы хотите носить больше диковинок одновременно, рассмотрите возможность использования $(l:bloodmagic:alchemy_array/sigil/holding)Sigil of Holding$() , или $(l:bloodmagic:alchemy_array/living_equipment/armor_upgrades/curios_sockets)Socketed Upgrade$() для вашего $(l:bloodmagic:alchemy_array/living_equipment/living_basics)Living Armour$() ."
        }
    ]
}