{
    "name": "Печать быстрого шахтера",
    "icon": "bloodmagic:miningsigil",
    "category": "bloodmagic:alchemy_array/sigil",
    "pages": [
        {
            "type": "patchouli:text",
            "text": "The $(item)Sigil of the Fast Miner$() это сигил, который при активации с помощью [$(k:sneak)] и [$(k:use)] будет потреблять $(blood)100 LP$() каждые 5 секунд и применить эффект зелья Ускорения. Таким образом, он увеличивает вашу скорость добычи, копания и резки. Создано с использованием $(item)Mining Reagent$() и $(item)Reinforced Slate$() в алхимическом массиве."
        },
        {
            "type": "bloodmagic:crafting_2-step_sigil",
            "alchemy_table.heading": "Mining Reagent",
            "alchemy_table.recipe": "bloodmagic:alchemytable/reagent_fastminer",
            "array.heading": "Sigil of the Fast Miner",
            "array.recipe": "bloodmagic:array/fastminersigil"
        },
        {
            "type": "patchouli:image",
            "images": [
                "bloodmagic:images/entries/sigil/mining_sigil1.png",
                "bloodmagic:images/entries/sigil/mining_sigil2.png"
            ],
            "title": "Fast Miner Sigil Array",
            "border": true,
            "text": "Массив «Сигила быстрого майнера» и его основные применения."
        },
        {
            "type": "patchouli:text",
            "flag": "mod:curios",
            "text": "Так как у вас есть $(thing)Curios API$() установлен, вы можете оборудовать это $(item)Sigil$() как амулет. Если вы хотите носить больше диковинок одновременно, рассмотрите возможность использования $(l:bloodmagic:alchemy_array/sigil/holding)Sigil of Holding$() , или $(l:bloodmagic:alchemy_array/living_equipment/armor_upgrades/curios_sockets)Socketed Upgrade$() для вашего $(l:bloodmagic:alchemy_array/living_equipment/living_basics)Living Armour$() ."
        }
    ]
}