{
    "name": "Печать провидца",
    "icon": "bloodmagic:seersigil",
    "category": "bloodmagic:alchemy_array/sigil",
    "pages": [
        {
            "type": "patchouli:text",
            "text": "The $(item)Seer's Sigil$() является более продвинутой формой $(l:bloodmagic:alchemy_array/sigil/divination)Divination Sigil$() . Наряду с отображением количества LP в $(l:bloodmagic:altar/soul_network)Soul Network$(/l) связанного игрока, он также показывает больше информации при просмотре $(l:bloodmagic:altar/blood_altar)Blood Altar$(/l). $(br2)Как и $(item)Divination Sigil$() , его также можно использовать для редактирования вашего графического интерфейса. (Дополнительную информацию см. в разделе «Сигил гадания»)."
        },
        {
            "type": "bloodmagic:crafting_2-step_sigil",
            "alchemy_table.heading": "Sight Reagent",
            "alchemy_table.recipe": "bloodmagic:alchemytable/reagent_sight",
            "array.heading": "Seer's Sigil",
            "array.recipe": "bloodmagic:array/seersigil",
            "array.text": "$(italic)When seeing all is not enough"
        },
        {
            "type": "patchouli:text",
            "text": "Сверху вниз у нас есть: $(li)Текущий уровень $(l:bloodmagic:altar/blood_altar)Алтаря крови$(/l). $(li)Текущее количество крови внутри Алтаря и текущая общая вместимость Алтаря. (По умолчанию это 10 000 МБ, но может быть увеличено с помощью $(l:bloodmagic:altar/blood_rune/capacity_rune)Runes of Capacity$() и $(l:bloodmagic:altar/blood_rune/aug_capacity_rune)Runes of Augmented Capacity.$() $(li)Текущий прогресс крафта, если таковой имеется. $(li)Потребление LP/тик — сколько LP Алтарь будет использовать за тик при крафте. $(li) Текущее хранилище LP любого $(l:bloodmagic:altar/blood_rune/charging_rune)Charging Runes$() Возможно, у вас так и есть."
        },
        {
            "type": "patchouli:image",
            "images": [
                "bloodmagic:images/entries/sigil/seer_sigil_info.png"
            ],
            "title": "Seer's Sigil Display",
            "border": true,
            "text": "Печать Провидца отображает этот HUD, когда вы смотрите на Алтарь Крови."
        }
    ]
}