{
    "name": "Сигил подавления",
    "icon": "bloodmagic:sigilofsuppression",
    "category": "bloodmagic:alchemy_array/sigil",
    "pages": [
        {
            "type": "patchouli:text",
            "text": "The $(item)Sigil of Suppression$() , при активации нажатием [$(k:use)], временно уничтожит все жидкости в радиусе примерно 6 блоков от своего держателя. Через некоторое время после того, как вы отойдете от жидкости, о которой идет речь, она вернется, как будто никогда и не уходила. Хотя это значительно облегчит исследование лавовых океанов Нижнего мира, будьте осторожны, прыгая в глубокие водоемы с этой способностью!"
        },
        {
            "type": "bloodmagic:crafting_2-step_sigil",
            "alchemy_table.heading": "Suppression Reagent",
            "alchemy_table.recipe": "bloodmagic:alchemytable/reagent_suppression",
            "array.heading": "Sigil of Suppression",
            "array.recipe": "bloodmagic:array/suppressionsigil",
            "array.text": "$(italic)Better than a Void Sigil®!"
        }
    ]
}