{
    "name": "Телепозиционный Сигил",
    "icon": "bloodmagic:telepositionsigil",
    "category": "bloodmagic:alchemy_array/sigil",
    "pages": [
        {
            "type": "patchouli:text",
            "text": "Телепортирует пользователя в связанный Teleposer за стоимость $(blood)1000 LP$() за использование. Щелкнув по Teleposer с зажатой клавишей Shift и держа в руке сигил, можно записать местоположение и размеры Teleposer, что позволит быстро вернуться домой. $(br2)Только не переместите Teleposer случайно..."
        },
        {
            "type": "bloodmagic:crafting_2-step_sigil",
            "alchemy_table.heading": "Teleposition Reagent",
            "alchemy_table.recipe": "bloodmagic:alchemytable/reagent_teleposition",
            "array.heading": "Teleposition Sigil",
            "array.recipe": "bloodmagic:array/telepositionsigil",
            "array.text": "$(italic)Now you see me...!$()"
        }
    ]
}