{
    "name": "Сигил Пустоты",
    "icon": "bloodmagic:voidsigil",
    "category": "bloodmagic:alchemy_array/sigil",
    "pages": [
        {
            "type": "patchouli:text",
            "text": "The $(item)Void sigil$() , когда вы нажимаете [$(k:use)], глядя на любую жидкость, уничтожит ее по цене 50LP за блок. Хорошо подходит для очистки надоедливых потоков лавы без всей этой утомительной установки и разрушения отдельных блоков."
        },
        {
            "type": "bloodmagic:crafting_2-step_sigil",
            "alchemy_table.heading": "Void Reagent",
            "alchemy_table.recipe": "bloodmagic:alchemytable/reagent_void",
            "array.heading": "Void Sigil",
            "array.recipe": "bloodmagic:array/voidsigil",
            "array.text": "$(italic)Better than a Swiffer®!"
        }
    ]
}