{
    "name": "Водный символ",
    "icon": "bloodmagic:watersigil",
    "category": "bloodmagic:alchemy_array/sigil",
    "pages": [
        {
            "type": "patchouli:text",
            "text": "The $(item)Water Sigil$() довольно простая сигила. Когда вы нажимаете [$(k:use)], глядя на блок, вы можете слить 100LP из вашей $(l:bloodmagic:altar/soul_network)Soul Network$(/l), чтобы разместить блок источника воды в мире. Если LP недостаточно, он вместо этого снимет плату с вашего здоровья. Создано с помощью $(item)Water Reagent$() и а $(item)Blank Slate.$()"
        },
        {
            "type": "bloodmagic:crafting_2-step_sigil",
            "alchemy_table.heading": "Water Reagent",
            "alchemy_table.recipe": "bloodmagic:alchemytable/reagent_water",
            "array.heading": "Water Sigil",
            "array.recipe": "bloodmagic:array/watersigil",
            "array.text": "$(italic)Infinite water, anyone?"
        },
        {
            "type": "patchouli:image",
            "images": [
                "bloodmagic:images/entries/sigil/water_sigil1.png",
                "bloodmagic:images/entries/sigil/water_sigil2.png"
            ],
            "title": "Water Sigil Array",
            "border": true,
            "text": "Символ Воды, рядом с его набором для крафта, а также его основное применение."
        },
        {
            "type": "bloodmagic:crafting_alchemy_table",
            "heading": "Water Bucket",
            "recipe": "bloodmagic:alchemytable/sigil_water_bucket",
            "text": "Более того, его можно использовать в $(l:bloodmagic:alchemy_table/alchemy_table)Alchemy Table$() автоматизировать производство $(water)Water Buckets$() . В этом рецепте Печать не используется."
        }
    ]
}