{
    "name": "Руна ускорения",
    "icon": "bloodmagic:accelerationrune",
    "category": "bloodmagic:altar/blood_rune",
    "pages": [
        {
            "type": "patchouli:text",
            "text": "The $(item)Acceleration Rune$() увеличивает скорость пары операций. В то время как обычно операции $(l:bloodmagic:altar/blood_rune/charging_rune)Charging Rune$(/l) и $(l:bloodmagic:altar/blood_rune/dislocation_rune)Displacement Rune$(/l) происходят каждые 20 тиков, один тик задержки удаляется на каждую руну, до минимума в 1 операцию на тик."
        },
        {
            "type": "patchouli:crafting",
            "recipe": "bloodmagic:blood_rune_acceleration"
        },
        {
            "type": "patchouli:crafting",
            "recipe": "bloodmagic:blood_rune_acceleration_2",
            "text": "С некоторыми $(item)Netherite Scrap$() и некоторые $(item)Intricate Hellforged Parts$() разграблено из $(l:bloodmagic:dungeons/endless_realm)Demon Realm$() , вы можете удвоить мощность вашего $(item)Accelleration Rune$() , убирая две отметки на руну вместо одной, освобождая другие слоты вокруг вашего алтаря."
        },
        {
            "type": "bloodmagic:crafting_arc",
            "recipe": "bloodmagic:arc/reversion/acceleration",
            "text": "Если вы передумали, вы можете отменить рецепт в ARC."
        }
    ]
}