{
    "name": "Руна Августа. Емкость",
    "icon": "bloodmagic:bettercapacityrune",
    "category": "bloodmagic:altar/blood_rune",
    "pages": [
        {
            "type": "patchouli:text",
            "text": "The $(item)Rune of Augmented Capacity$() увеличивает емкость $(l:bloodmagic:altar/blood_altar)Blood Altar$(/l) на мультипликативное +7,5% за руну. Применяются руны Augmented Capacity $(o)after$() регулярный $(l:bloodmagic:altar/blood_rune/capacity_rune)Capacity runes$() ."
        },
        {
            "type": "patchouli:crafting",
            "title": "Rune of Aug. Capacity",
            "recipe": "bloodmagic:blood_rune_aug_capacity"
        },
        {
            "type": "patchouli:crafting",
            "recipe": "bloodmagic:blood_rune_aug_capacity_2",
            "text": "С некоторыми $(item)Netherite Scrap$() и некоторые $(item)Intricate Hellforged Parts$() разграблено из $(l:bloodmagic:dungeons/endless_realm)Demon Realm$() , вы можете удвоить мощность вашего $(item)Rune of Augmented Capacity$() , увеличивая вместимость $(l:bloodmagic:altar/blood_altar)Blood Altar$(/l) на мультипликативное значение +15% за руну."
        },
        {
            "type": "bloodmagic:crafting_arc",
            "recipe": "bloodmagic:arc/reversion/aug_capacity",
            "text": "Если вы передумали, вы можете отменить рецепт в ARC."
        }
    ]
}