{
    "name": "Руна Емкости",
    "icon": "bloodmagic:altarcapacityrune",
    "category": "bloodmagic:altar/blood_rune",
    "pages": [
        {
            "type": "patchouli:text",
            "text": "The $(item)Rune of Capacity$() увеличивает вместимость $(l:bloodmagic:altar/blood_altar)Алтаря крови$(/l) на +20% за каждую руну."
        },
        {
            "type": "patchouli:crafting",
            "recipe": "bloodmagic:blood_rune_capacity"
        },
        {
            "type": "patchouli:crafting",
            "recipe": "bloodmagic:blood_rune_capacity_2",
            "text": "С некоторыми $(item)Netherite Scrap$() и некоторые $(item)Intricate Hellforged Parts$() разграблено из $(l:bloodmagic:dungeons/endless_realm)Demon Realm$() , вы можете удвоить мощность вашего $(item)Rune of Capacity$() , увеличивая вместимость $(l:bloodmagic:altar/blood_altar)Blood Altar$(/l) на +40% за руну."
        },
        {
            "type": "bloodmagic:crafting_arc",
            "recipe": "bloodmagic:arc/reversion/capacity",
            "text": "Если вы передумали, вы можете отменить рецепт в ARC."
        }
    ]
}