{
    "name": "Зарядная руна",
    "icon": "bloodmagic:chargingrune",
    "category": "bloodmagic:altar/blood_rune",
    "pages": [
        {
            "type": "patchouli:text",
            "text": "The $(item)Charging Rune$() уникальное улучшение руны. Когда $(l:bloodmagic:altar/blood_altar)Blood Altar$() не занимается изготовлением или заполнением $(l:bloodmagic:altar/soul_network)Blood Orb$() , он будет сифонить $(blood)LP$() из Алтаря, чтобы зарядить внутренний буфер. Когда предмет в следующий раз помещается внутрь Алтаря, он мгновенно потребляет накопленный заряд и применяет его к созданию предмета в соотношении 1:1."
        },
        {
            "type": "patchouli:text",
            "text": "Алтарь крови делает такт зарядки один раз за 20 игровых тактов, который уменьшается на 1 за каждую $(l:bloodmagic:altar/blood_rune/acceleration_rune)Руну ускорения.$(/l) $(br2)Скорость, с которой Алтарь крови заряжается за такт зарядки, составляет: [ $(blood)10LP$() х $(l:bloodmagic:altar/blood_rune/charging_rune)Charging Runes$() х (1 + $(l:bloodmagic:altar/blood_rune/speed_rune)Speed Runes$() /10)] $(br2)Максимальный заряд, который может удерживать Алтарь Крови, составляет $(blood)1000 LP$() за $(item)Charging Rune$() , которое затем умножается на: [(емкость основного резервуара Кровавого Алтаря)/20000], если это значение больше 1."
        },
        {
            "type": "patchouli:crafting",
            "recipe": "bloodmagic:blood_rune_charging"
        },
        {
            "type": "patchouli:crafting",
            "recipe": "bloodmagic:blood_rune_charging_2",
            "text": "С некоторыми $(item)Netherite Scrap$() и некоторые $(item)Intricate Hellforged Parts$() разграблено из $(l:bloodmagic:dungeons/endless_realm)Demon Realm$() , вы можете удвоить мощность вашего $(item)Charging Rune$() , как по емкости, так и по скорости."
        },
        {
            "type": "bloodmagic:crafting_arc",
            "recipe": "bloodmagic:arc/reversion/charging",
            "text": "Если вы передумали, вы можете отменить рецепт в ARC."
        }
    ]
}