{
    "name": "Руна смещения",
    "icon": "bloodmagic:dislocationrune",
    "category": "bloodmagic:altar/blood_rune",
    "pages": [
        {
            "type": "patchouli:text",
            "text": "The $(item)Displacement Rune$() увеличивает скорость потока $(blood)Life Essence$() в алтарь и из него при перекачке в внешний резервуар и из него мультипликативно на +20%"
        },
        {
            "type": "patchouli:crafting",
            "recipe": "bloodmagic:blood_rune_displacement"
        },
        {
            "type": "patchouli:crafting",
            "recipe": "bloodmagic:blood_rune_displacement_2",
            "text": "С некоторыми $(item)Netherite Scrap$() и некоторые $(item)Intricate Hellforged Parts$() разграблено из $(l:bloodmagic:dungeons/endless_realm)Demon Realm$() , вы можете удвоить мощность вашего $(item)Displacement Rune$() , увеличивая скорость потока мультипликативно +40% за руну."
        },
        {
            "type": "bloodmagic:crafting_arc",
            "recipe": "bloodmagic:arc/reversion/displacement",
            "text": "Если вы передумали, вы можете отменить рецепт в ARC."
        }
    ]
}