{
    "name": "Руна Сферы",
    "icon": "bloodmagic:orbcapacityrune",
    "category": "bloodmagic:altar/blood_rune",
    "pages": [
        {
            "type": "patchouli:text",
            "text": "The $(item)Rune of The Orb$() увеличивает пропускную способность $(item)Blood Orb$() которая находится внутри Алтаря, на +2% аддитивно за каждую руну, пока она находится внутри Алтаря."
        },
        {
            "type": "patchouli:crafting",
            "recipe": "bloodmagic:blood_rune_orb"
        },
        {
            "type": "patchouli:crafting",
            "recipe": "bloodmagic:blood_rune_orb_2",
            "text": "С некоторыми $(item)Netherite Scrap$() и некоторые $(item)Intricate Hellforged Parts$() разграблено из $(l:bloodmagic:dungeons/endless_realm)Demon Realm$() , вы можете удвоить мощность вашего $(item)Rune of the Orb$() , увеличивая емкость сферы на +4% за каждую руну."
        },
        {
            "type": "bloodmagic:crafting_arc",
            "recipe": "bloodmagic:arc/reversion/orb_rune",
            "text": "Если вы передумали, вы можете отменить рецепт в ARC."
        }
    ]
}