{
    "name": "Руна Жертвоприношения",
    "icon": "bloodmagic:sacrificerune",
    "category": "bloodmagic:altar/blood_rune",
    "pages": [
        {
            "type": "patchouli:text",
            "text": "The $(item)Rune of Sacrifice$() увеличивает количество $(blood)Life Essence$() получено в Алтаре Крови с помощью средств, которые отнимают здоровье у неигровых сущностей. Каждая руна дает бонус +10% аддитивно за руну."
        },
        {
            "type": "patchouli:crafting",
            "recipe": "bloodmagic:blood_rune_sacrifice"
        },
        {
            "type": "patchouli:crafting",
            "recipe": "bloodmagic:blood_rune_sac_2",
            "text": "С некоторыми $(item)Netherite Scrap$() и некоторые $(item)Intricate Hellforged Parts$() разграблено из $(l:bloodmagic:dungeons/endless_realm)Demon Realm$() , вы можете удвоить мощность вашего $(item)Rune of Sacrifice$() , увеличивая бонус до +20% за каждую руну."
        },
        {
            "type": "bloodmagic:crafting_arc",
            "recipe": "bloodmagic:arc/reversion/sac",
            "text": "Если вы передумали, вы можете отменить рецепт в ARC."
        }
    ]
}