{
    "name": "Руна Самопожертвования",
    "icon": "bloodmagic:selfsacrificerune",
    "category": "bloodmagic:altar/blood_rune",
    "pages": [
        {
            "type": "patchouli:text",
            "text": "The $(item)Rune of Self Sacrifice$() увеличивает количество $(blood)Life Essence$() получено в Алтаре Крови с помощью средств, использующих здоровье игрока. Каждая руна дает бонус +10% аддитивно за руну."
        },
        {
            "type": "patchouli:crafting",
            "recipe": "bloodmagic:blood_rune_self_sacrifice"
        },
        {
            "type": "patchouli:crafting",
            "recipe": "bloodmagic:blood_rune_self_sac_2",
            "text": "С некоторыми $(item)Netherite Scrap$() и некоторые $(item)Intricate Hellforged Parts$() разграблено из $(l:bloodmagic:dungeons/endless_realm)Demon Realm$() , вы можете удвоить мощность вашего $(item)Rune of Self Sacrifice$() , увеличивая бонус до +20% за руну."
        },
        {
            "type": "bloodmagic:crafting_arc",
            "recipe": "bloodmagic:arc/reversion/self_sac",
            "text": "Если вы передумали, вы можете отменить рецепт в ARC."
        }
    ]
}