{
    "name": "Руна Скорости",
    "icon": "bloodmagic:speedrune",
    "category": "bloodmagic:altar/blood_rune",
    "pages": [
        {
            "type": "patchouli:text",
            "text": "The $(item)Speed Rune$() увеличивает все операции по созданию Алтаря Крови. Скорость создания (и скорость, с которой прогресс теряется, когда он пуст) увеличивается на +20% за руну."
        },
        {
            "type": "patchouli:crafting",
            "recipe": "bloodmagic:blood_rune_speed"
        },
        {
            "type": "patchouli:crafting",
            "recipe": "bloodmagic:blood_rune_speed_2",
            "text": "С некоторыми $(item)Netherite Scrap$() и некоторые $(item)Intricate Hellforged Parts$() разграблено из $(l:bloodmagic:dungeons/endless_realm)Demon Realm$() , вы можете удвоить мощность вашего $(item)Speed Rune$() , увеличивая скорость создания предметов на +40% за каждую руну."
        },
        {
            "type": "bloodmagic:crafting_arc",
            "recipe": "bloodmagic:arc/reversion/speed",
            "text": "Если вы передумали, вы можете отменить рецепт в ARC."
        }
    ]
}