{
    "processor": "wayoftime.bloodmagic.compat.patchouli.processors.LivingArmourDowngradeRecipeProcessor",
    "components": [
        {
            "type": "patchouli:header",
            "text": "#заголовок",
            "x": -1,
            "y": -6
        },
        {
            "type": "patchouli:image",
            "image": "patchouli:textures/gui/crafting.png",
            "x": 25,
            "y": 4,
            "u": 0,
            "v": 102,
            "texture_width": 128,
            "texture_height": 256,
            "width": 66,
            "height": 26
        },
        {
            "type": "patchouli:item",
            "item": "bloodmagic:upgradescraps",
            "x": 90,
            "y": 9
        },
        {
            "type": "patchouli:item",
            "item": "#input",
            "x": 50,
            "y": 9
        },
        {
            "type": "patchouli:text",
            "text": "#текст",
            "y": 30
        }
    ]
}