{
    "processor": "wayoftime.bloodmagic.compat.patchouli.processors.ARCProcessor",
    "components": [
        {
            "type": "patchouli:header",
            "text": "#заголовок",
            "x": -1,
            "y": -6
        },
        {
            "type": "patchouli:text",
            "text": "#текст",
            "x": 0,
            "y": 51
        },
        {
            "type": "patchouli:item",
            "item": "#fluid_input",
            "x": 6,
            "y": 26
        },
        {
            "type": "patchouli:item",
            "item": "#fluid_output",
            "link_recipe": "true",
            "x": 94,
            "y": 7
        },
        {
            "type": "patchouli:image",
            "image": "bloodmagic:textures/gui/patchouli_book/crafting.png",
            "x": 2,
            "y": 4,
            "u": 0,
            "v": 198,
            "texture_width": 128,
            "texture_height": 256,
            "width": 112,
            "height": 43
        },
        {
            "type": "patchouli:item",
            "item": "bloodmagic:alchemicalreactionchamber",
            "x": 94,
            "y": 26
        },
        {
            "type": "patchouli:item",
            "item": "#input",
            "x": 6,
            "y": 7
        },
        {
            "type": "patchouli:item",
            "item": "#tool",
            "x": 31,
            "y": 26
        },
        {
            "type": "patchouli:item",
            "item": "#output1",
            "link_recipe": "true",
            "x": 56,
            "y": 7
        },
        {
            "type": "patchouli:item",
            "item": "#output2",
            "link_recipe": "true",
            "x": 75,
            "y": 7
        },
        {
            "type": "patchouli:text",
            "text": "#шанс2#%",
            "guard": "#show_chance2",
            "x": 75,
            "y": 6
        },
        {
            "type": "patchouli:item",
            "item": "#output3",
            "link_recipe": "true",
            "x": 56,
            "y": 26
        },
        {
            "type": "patchouli:text",
            "text": "#шанс3#%",
            "guard": "#show_chance3",
            "x": 56,
            "y": 25
        },
        {
            "type": "patchouli:item",
            "item": "#output4",
            "link_recipe": "true",
            "x": 75,
            "y": 26
        },
        {
            "type": "patchouli:text",
            "text": "#шанс4#%",
            "guard": "#show_chance4",
            "x": 75,
            "y": 25
        },
        {
            "type": "patchouli:tooltip",
            "guard": "#show_fluid_tooltip",
            "tooltip": [
                "Input: #tooltip_fluid_input#",
                "Output: #tooltip_fluid_output#"
            ],
            "x": 31,
            "y": 7,
            "width": 16,
            "height": 16
        },
        {
            "type": "patchouli:text",
            "guard": "#show_fluid_tooltip",
            "text": "Жидкость",
            "x": 31,
            "y": 5
        }
    ]
}