{
    "processor": "wayoftime.bloodmagic.compat.patchouli.processors.AlchemyArrayProcessor",
    "components": [
        {
            "type": "patchouli:header",
            "text": "#заголовок",
            "x": -1,
            "y": -6
        },
        {
            "type": "patchouli:image",
            "image": "bloodmagic:textures/gui/patchouli_book/crafting.png",
            "x": 11,
            "y": 4,
            "u": 0,
            "v": 0,
            "texture_width": 128,
            "texture_height": 256,
            "width": 94,
            "height": 50
        },
        {
            "type": "patchouli:item",
            "item": "#baseinput",
            "x": 28,
            "y": 22
        },
        {
            "type": "patchouli:item",
            "item": "#addedinput",
            "x": 63,
            "y": 10
        },
        {
            "type": "patchouli:item",
            "item": "#output",
            "link_recipe": "true",
            "x": 85,
            "y": 22
        },
        {
            "type": "patchouli:item",
            "item": "bloodmagic:arcaneashes",
            "x": 85,
            "y": 40
        },
        {
            "type": "patchouli:text",
            "text": "#текст",
            "y": 58
        }
    ]
}