{
    "processor": "wayoftime.bloodmagic.compat.patchouli.processors.AlchemyArrayProcessor",
    "components": [
        {
            "type": "patchouli:header",
            "text": "#заголовок",
            "x": -1,
            "y": -6
        },
        {
            "type": "patchouli:image",
            "image": "bloodmagic:textures/gui/patchouli_book/crafting.png",
            "x": 3,
            "y": 4,
            "u": 0,
            "v": 0,
            "texture_width": 128,
            "texture_height": 256,
            "width": 68,
            "height": 50
        },
        {
            "type": "patchouli:image",
            "image": "bloodmagic:textures/gui/patchouli_book/crafting.png",
            "x": 71,
            "y": 9,
            "u": 62,
            "v": 154,
            "texture_width": 128,
            "texture_height": 256,
            "width": 40,
            "height": 40
        },
        {
            "type": "patchouli:item",
            "item": "#baseinput",
            "x": 20,
            "y": 22
        },
        {
            "type": "patchouli:item",
            "item": "#addedinput",
            "x": 55,
            "y": 10
        },
        {
            "type": "patchouli:item",
            "item": "bloodmagic:arcaneashes",
            "x": 55,
            "y": 35
        },
        {
            "type": "patchouli:text",
            "text": "#текст",
            "y": 58
        },
        {
            "type": "patchouli:image",
            "image": "bloodmagic:textures/models/alchemyarrays/#image#",
            "x": 75,
            "y": 13,
            "u": 0,
            "v": 0,
            "texture_width": 512,
            "texture_height": 512,
            "width": 512,
            "height": 512,
            "scale": 0.0625
        }
    ]
}