{
    "processor": "wayoftime.bloodmagic.compat.patchouli.processors.RitualInfoProcessor",
    "components": [
        {
            "type": "patchouli:header",
            "text": "#заголовок",
            "x": -1,
            "y": 0
        },
        {
            "type": "patchouli:image",
            "image": "patchouli:textures/gui/crafting.png",
            "x": 25,
            "y": 10,
            "u": 0,
            "v": 102,
            "texture_width": 128,
            "texture_height": 256,
            "width": 66,
            "height": 26
        },
        {
            "type": "patchouli:item",
            "item": "#item",
            "x": 50,
            "y": 15
        },
        {
            "type": "patchouli:text",
            "text": "#авто_текст",
            "y": 40
        }
    ]
}