{
    "name": "Взрывчатые заряды",
    "icon": "bloodmagic:shaped_charge",
    "category": "bloodmagic:demon_will/demonic_items",
    "pages": [
        {
            "type": "patchouli:text",
            "text": "Добыча полезных ископаемых и лесоводство — это хорошо и полезно для тех, кто отказывается мечтать о большем, но какой уважающий себя кровопийца когда-либо опустится до этого? $(br2)Имея это в виду, вы изобрели несколько хитрых маленьких устройств. Просто бросьте их в какие-нибудь надоедливые деревья, камни или что-то еще, чем вы хотите перестать быть, и ждите, пока они самовоспламенятся."
        },
        {
            "type": "patchouli:text",
            "text": "Мало того, вы можете улучшить их функциональность, $(item)Anointing$() их с определенными ингредиентами и немного $(raw)Will$() , как описано после каждой записи. $(br2)В настоящее время доступны следующие помазания: $(li)Удачный - сломанные блоки подвергаются воздействию $(thing)Fortune$() . $(li)Нагреваемый инструмент - Сломанные блоки $(thing)Smelted$() . $(li)Soft Touch - Разбитые блоки подвергаются воздействию $(thing)Silk Touch$() . $(li)Аннулирование — «мусорные» блоки аннулируются, а не выпадают как предметы."
        },
        {
            "type": "bloodmagic:crafting_soulforge",
            "heading": "Shaped Charge",
            "recipe": "bloodmagic:soulforge/shaped_charge",
            "anchor": "shaped_charge",
            "text": "The $(item)Shaped Charge$() уничтожит куб 5x5x5, обращенный к любой стороне блока, на которую он приземлится, сбрасывая все блоки, как будто они были добыты киркой. Это работает даже на обсидиане и обеспечивает наиболее удовлетворяющий $(o)KABOOM$() при этом делая это."
        },
        {
            "type": "bloodmagic:3x_crafting_soulforge",
            "a.heading": "Voiding",
            "a.recipe": "bloodmagic:soulforge/shaped_charge_voiding",
            "b.heading": "Heated Tool",
            "b.recipe": "bloodmagic:soulforge/shaped_charge_smelting",
            "c.heading": "Soft Touch",
            "c.recipe": "bloodmagic:soulforge/shaped_charge_silk_touch"
        },
        {
            "type": "bloodmagic:crafting_soulforge",
            "heading": "Fortunate",
            "recipe": "bloodmagic:soulforge/shaped_charge_fortune_1"
        },
        {
            "type": "bloodmagic:crafting_soulforge",
            "heading": "Augmented Shaped Charge",
            "recipe": "bloodmagic:soulforge/aug_shaped_charge",
            "anchor": "shaped_charge_2",
            "text": "The $(item)Augmented Shaped Charge$() является прямым улучшением стандартного Shaped Charge. Он уничтожит куб 7x7x7, обращенный к любой стороне блока, на которую он приземлится, сбрасывая все блоки, как будто они были добыты киркой. Его также можно помазать $(thing)Fortune II$() ."
        },
        {
            "type": "bloodmagic:3x_crafting_soulforge",
            "a.heading": "Voiding",
            "a.recipe": "bloodmagic:soulforge/aug_shaped_charge_voiding",
            "b.heading": "Heated Tool",
            "b.recipe": "bloodmagic:soulforge/aug_shaped_charge_smelting_l",
            "c.heading": "Soft Touch",
            "c.recipe": "bloodmagic:soulforge/aug_shaped_charge_silk_touch_l"
        },
        {
            "type": "bloodmagic:2x_crafting_soulforge",
            "a.heading": "Fortunate",
            "a.recipe": "bloodmagic:soulforge/aug_shaped_charge_fortune_1_l",
            "b.heading": "Fortunate II",
            "b.recipe": "bloodmagic:soulforge/aug_shaped_charge_fortune_2_l"
        },
        {
            "type": "bloodmagic:crafting_soulforge",
            "heading": "Tunneling Shaped Charge",
            "recipe": "bloodmagic:soulforge/shaped_charge",
            "anchor": "shaped_charge",
            "text": "The $(item)Tunneling Shaped Charge$() уничтожит туннель 5x5x20, обращенный к любой стороне блока, на которой он приземлится, сбрасывая все блоки, как будто они были добыты киркой. Хорошо для майнинга."
        },
        {
            "type": "bloodmagic:3x_crafting_soulforge",
            "a.heading": "Voiding",
            "a.recipe": "bloodmagic:soulforge/shaped_charge_deep_voiding",
            "b.heading": "Heated Tool",
            "b.recipe": "bloodmagic:soulforge/shaped_charge_deep_smelting_l",
            "c.heading": "Soft Touch",
            "c.recipe": "bloodmagic:soulforge/shaped_charge_deep_silk_touch_l"
        },
        {
            "type": "bloodmagic:2x_crafting_soulforge",
            "a.heading": "Fortunate",
            "a.recipe": "bloodmagic:soulforge/shaped_charge_deep_fortune_1_l",
            "b.heading": "Fortunate II",
            "b.recipe": "bloodmagic:soulforge/shaped_charge_deep_fortune_2_l"
        },
        {
            "type": "bloodmagic:crafting_soulforge",
            "heading": "Deforester Charge",
            "recipe": "bloodmagic:soulforge/deforester_charge",
            "anchor": "deforester_charge",
            "text": "The $(item)Deforester Charge$() для валки деревьев. Его можно использовать на бревнах или листьях, и он свалит все, кроме самых мощных деревьев, разбивая их на $(item)two stacks$() бревен за раз (и аккуратно обрывая все листья, которые попадутся ему на пути!). Даже гигантские деревья джунглей упадут за считанные секунды."
        },
        {
            "type": "bloodmagic:3x_crafting_soulforge",
            "a.heading": "Voiding",
            "a.recipe": "bloodmagic:soulforge/deforester_charge_voiding",
            "b.heading": "Heated Tool",
            "b.recipe": "bloodmagic:soulforge/deforester_charge_smelting",
            "c.heading": "Soft Touch",
            "c.recipe": "bloodmagic:soulforge/deforester_charge_silk_touch"
        },
        {
            "type": "bloodmagic:crafting_soulforge",
            "heading": "Fortunate",
            "recipe": "bloodmagic:soulforge/deforester_charge_fortune_1"
        },
        {
            "type": "bloodmagic:crafting_soulforge",
            "heading": "Deforester Charge II",
            "recipe": "bloodmagic:soulforge/deforester_charge_2",
            "anchor": "deforester_charge_2",
            "text": "The $(item)Deforester Charge II$() , как и стандартный Deforester Charge, предназначен для ломания деревьев и бревен. Он может ломать бревна размером до 8x64, очищая все соединяющиеся листья. Отлично подходит для создания себе хорошей поляны в любом темном дубовом лесу или джунглях, которые вам могут понравиться."
        },
        {
            "type": "bloodmagic:3x_crafting_soulforge",
            "a.heading": "Voiding",
            "a.recipe": "bloodmagic:soulforge/deforester_charge_voiding",
            "b.heading": "Heated Tool",
            "b.recipe": "bloodmagic:soulforge/deforester_charge_2_smelting_l",
            "c.heading": "Soft Touch",
            "c.recipe": "bloodmagic:soulforge/deforester_charge_2_silk_touch_l"
        },
        {
            "type": "bloodmagic:2x_crafting_soulforge",
            "a.heading": "Fortunate",
            "a.recipe": "bloodmagic:soulforge/deforester_charge_2_fortune_1_l",
            "b.heading": "Fortunate II",
            "b.recipe": "bloodmagic:soulforge/deforester_charge_2_fortune_2_l"
        },
        {
            "type": "bloodmagic:crafting_soulforge",
            "heading": "Controlled Charge",
            "recipe": "bloodmagic:soulforge/vein_charge",
            "anchor": "controlled_charge",
            "text": "The $(item)Controlled Charge$() только уничтожает блоки $(thing)identical to the block it lands on$() . Он уничтожит до 3 стопок блоков, отталкиваясь от исходной точки. Как и в случае с другими зарядами, все добытые блоки будут сброшены."
        },
        {
            "type": "bloodmagic:3x_crafting_soulforge",
            "a.heading": "Voiding",
            "a.recipe": "bloodmagic:soulforge/vein_charge_voiding",
            "b.heading": "Heated Tool",
            "b.recipe": "bloodmagic:soulforge/vein_charge_smelting",
            "c.heading": "Soft Touch",
            "c.recipe": "bloodmagic:soulforge/vein_charge_silk_touch"
        },
        {
            "type": "bloodmagic:crafting_soulforge",
            "heading": "Fortunate",
            "recipe": "bloodmagic:soulforge/vein_charge_fortune_1"
        },
        {
            "type": "bloodmagic:crafting_soulforge",
            "heading": "Controlled Charge II",
            "recipe": "bloodmagic:soulforge/vein_charge_2",
            "anchor": "controlled_charge_2",
            "text": "The $(item)Controlled Charge II$() ведет себя идентично $(item)Controlled Charge$() , однако он уничтожит до 8 стопок блоков за раз."
        },
        {
            "type": "bloodmagic:3x_crafting_soulforge",
            "a.heading": "Voiding",
            "a.recipe": "bloodmagic:soulforge/vein_charge_2_voiding",
            "b.heading": "Heated Tool",
            "b.recipe": "bloodmagic:soulforge/vein_charge_2_smelting_l",
            "c.heading": "Soft Touch",
            "c.recipe": "bloodmagic:soulforge/vein_charge_2_silk_touch_l"
        },
        {
            "type": "bloodmagic:2x_crafting_soulforge",
            "a.heading": "Fortunate",
            "a.recipe": "bloodmagic:soulforge/vein_charge_2_fortune_1_l",
            "b.heading": "Fortunate II",
            "b.recipe": "bloodmagic:soulforge/vein_charge_2_fortune_2_l"
        },
        {
            "type": "bloodmagic:crafting_soulforge",
            "heading": "Fungal Charge",
            "recipe": "bloodmagic:soulforge/fungal_charge",
            "anchor": "fungal_charge",
            "text": "The $(item)Fungal Charge$() для вырубки гигантских грибов, как в Верхнем мире, так и в Нижнем. Хотя сомнительно, что вы когда-либо достигнете этого за один рывок, он может разбиться на $(item)three stacks of blocks$() ."
        },
        {
            "type": "bloodmagic:3x_crafting_soulforge",
            "a.heading": "Voiding",
            "a.recipe": "bloodmagic:soulforge/fungal_charge_voiding",
            "b.heading": "Heated Tool",
            "b.recipe": "bloodmagic:soulforge/fungal_charge_smelting",
            "c.heading": "Soft Touch",
            "c.recipe": "bloodmagic:soulforge/fungal_charge_silk_touch"
        },
        {
            "type": "bloodmagic:crafting_soulforge",
            "heading": "Fortunate",
            "recipe": "bloodmagic:soulforge/fungal_charge_fortune_1"
        },
        {
            "type": "bloodmagic:crafting_soulforge",
            "heading": "Fungal Charge_II",
            "recipe": "bloodmagic:soulforge/fungal_charge",
            "anchor": "fungal_charge_2",
            "text": "The $(item)Fungal Charge II$() для вырубки гигантских грибов, как в Верхнем мире, так и в Нижнем. Он может уничтожить до 8 стаков грибного добра за один заряд. $(br2)Зачем вам это вообще нужно?"
        },
        {
            "type": "bloodmagic:3x_crafting_soulforge",
            "a.heading": "Voiding",
            "a.recipe": "bloodmagic:soulforge/fungal_charge_2_voiding",
            "b.heading": "Heated Tool",
            "b.recipe": "bloodmagic:soulforge/fungal_charge_2_smelting_l",
            "c.heading": "Soft Touch",
            "c.recipe": "bloodmagic:soulforge/fungal_charge_2_silk_touch_l"
        },
        {
            "type": "bloodmagic:2x_crafting_soulforge",
            "a.heading": "Fortunate",
            "a.recipe": "bloodmagic:soulforge/fungal_charge_2_fortune_1_l",
            "b.heading": "Fortunate II",
            "b.recipe": "bloodmagic:soulforge/fungal_charge_2_fortune_2_l"
        }
    ]
}