{
    "name": "Чувствительные инструменты",
    "icon": "bloodmagic:soulpickaxe",
    "category": "bloodmagic:demon_will/demonic_items",
    "pages": [
        {
            "type": "patchouli:text",
            "text": "The $(l:bloodmagic:demon_will/demonic_items/sentient_sword)Sentient Sword$() оказался ошеломляющим успехом. Вы обнаруживаете, что задаетесь вопросом, как другие инструменты могут реагировать на подобное лечение... $(br2) Обратите внимание, что эти инструменты, как и в случае с $(l:bloodmagic:demon_will/demonic_items/sentient_sword)Sentient sword$() , можно отремонтировать с помощью $(l:bloodmagic:demon_will/will_manipulation/crystallized_will)Crystallized Will$() в наковальне. $(br2)Мы уже упоминали, что все разумные инструменты и оружие можно зачаровать?"
        },
        {
            "type": "bloodmagic:crafting_soulforge",
            "heading": "Sentient Pickaxe",
            "recipe": "bloodmagic:soulforge/sentientpickaxe",
            "text": "Эта кирка улучшается с Волей, легко прорезая камень. Без Воли, которая ее питает, она лишь немного лучше, чем $(item)Iron Pickaxe$() он был изготовлен из; Однако, с достаточно полным $(l:bloodmagic:demon_will/will_manipulation/soul_gem)Tartaric Gem$() , вы предвидите, что он превзойдет даже $(item)Netherite Pickaxe$() ."
        },
        {
            "type": "patchouli:text",
            "text": "The $(item)Sentient Scythe$() немного отличается от своего железного аналога. Наделение его волей превратило его в устрашающее оружие. Хотя он медленный и не такой мощный, как другие виды оружия, его мощные удары наносят полный урон всем врагам в радиусе действия, что делает его отличным выбором для контроля толпы."
        },
        {
            "type": "bloodmagic:crafting_soulforge",
            "heading": "Sentient Scythe",
            "recipe": "bloodmagic:soulforge/sentientscythe",
            "text": "Как и в случае с киркой, без Воли, которая могла бы придать силу вашей косе, она сравнительно тупая и громоздкая; Однако, при достаточно полной $(l:bloodmagic:demon_will/will_manipulation/soul_gem)Tartaric Gem$() , вы предвидите, что он станет разрушительным инструментом. $(br)Мы уже упоминали, что он по-прежнему функционирует как мотыга?"
        },
        {
            "type": "patchouli:text",
            "text": "Очень похоже на $(item)Sentient Pickaxe$() , $(item)Sentient Axe$() является заметным улучшением по сравнению со своим железным аналогом. Кроме того, он получает значительное усиление своего урона, что делает его грозным оружием для тех, кого не смущает его громоздкость."
        },
        {
            "type": "bloodmagic:crafting_soulforge",
            "heading": "Sentient Axe",
            "recipe": "bloodmagic:soulforge/sentientaxe",
            "text": "Как и в случае с киркой, без Воли, которая могла бы придать силу вашему топору, он лишь немного лучше, чем $(item)Iron Axe$() он был изготовлен из; Однако, с достаточно полным $(l:bloodmagic:demon_will/will_manipulation/soul_gem)Tartaric Gem$() , вы предвидите, что он превзойдет даже $(item)Netherite Axe$() ."
        },
        {
            "type": "patchouli:text",
            "text": "Очень похоже на $(item)Sentient Pickaxe$() , $(item)Sentient Shovel$() является заметным улучшением по сравнению с его железным аналогом, даже без дополнительных $(l:bloodmagic:demon_will/will_manipulation/demon_will)Demon Will$() для его питания."
        },
        {
            "type": "bloodmagic:crafting_soulforge",
            "heading": "Sentient Shovel",
            "recipe": "bloodmagic:soulforge/sentientshovel",
            "text": "Как и в случае с киркой, без Воли, которая приводила бы в действие вашу лопату, она лишь немного лучше, чем $(item)Iron shovel$() он был изготовлен из; Однако, с достаточно полным $(l:bloodmagic:demon_will/will_manipulation/soul_gem)Tartaric Gem$() , вы предвидите, что он превзойдет даже $(item)Netherite Shovel$() ."
        }
    ]
}