{
    "name": "Разумный Меч",
    "icon": "bloodmagic:soulsword",
    "category": "bloodmagic:demon_will/demonic_items",
    "pages": [
        {
            "type": "patchouli:text",
            "text": "The $(item)Sentient Sword$() является гораздо более эффективным инструментом для сбора $(l:bloodmagic:demon_will/will_manipulation/demon_will)Demon Will$() чем $(l:bloodmagic:demon_will/will_manipulation/soul_snare)Soul Snares$() мог когда-либо надеяться быть. Это может показаться слабым на первый взгляд, но это питается Волей, которую вы несете, поэтому создание $(l:bloodmagic:demon_will/will_manipulation/soul_gem)Tartaric Gem$() является обязательным. $(br2) Обратите внимание, что меч, как и все $(l:bloodmagic:demon_will/demonic_items/sentient_tools)Sentient Tools$() , можно отремонтировать с помощью $(l:bloodmagic:demon_will/will_manipulation/crystallized_will)Crystallized Will$() в наковальне."
        },
        {
            "type": "bloodmagic:crafting_soulforge",
            "heading": "Sentient Sword",
            "recipe": "bloodmagic:soulforge/sentientsword",
            "text": "Этот меч хорошо вам послужит.$(br2)Обратите внимание, что вы можете обновить характеристики меча, нажав [$(k:use)], когда он у вас экипирован - если вы недавно приобрели большое количество $(raw)Will$() или, возможно, впервые пробуете новый Аспект Воли, то это может быть хорошей идеей."
        }
    ]
}