{
    "name": "Метание кинжалов",
    "icon": "bloodmagic:throwing_dagger",
    "category": "bloodmagic:demon_will/demonic_items",
    "extra_recipe_mappings": {
        "bloodmagic:slate_ampoule": 3
    },
    "pages": [
        {
            "type": "patchouli:text",
            "text": "$(item)Bows$() и $(item)Crossbows$() достаточно хороши по-своему, но просеивая $(item)Gravel$() для $(item)Flint$() и ощипывание кур для их $(item)Feathers$() честно говоря, ниже вашего достоинства. Эти блестящие (и чрезвычайно острые) $(item)Throwing Daggers$() также имеют некоторые весьма коварное воздействие, если вы сами так говорите."
        },
        {
            "type": "bloodmagic:crafting_soulforge",
            "heading": "Iron Throwing Dagger",
            "recipe": "bloodmagic:soulforge/throwing_dagger",
            "anchor": "iron_throwing_dagger",
            "text": "The $(item)Iron Throwing Dagger$() это быстрая атака, наносящая 10 урона с приличным кулдауном. Не только это, но если у вас есть некоторые $(l:bloodmagic:demon_will/will_manipulation/demon_will)Demon Will$() на вас (будь то в сыром виде или хранящемся в $(l:bloodmagic:demon_will/will_manipulation/soul_gem)Tartaric Gem$() , он упадет $(raw)Will$() как $(l:bloodmagic:demon_will/demonic_items/sentient_sword)Sentient Sword$() бы."
        },
        {
            "type": "bloodmagic:crafting_soulforge",
            "heading": "Syringe Throwing Dagger",
            "recipe": "bloodmagic:soulforge/throwing_dagger_syringe",
            "anchor": "syringe_throwing_dagger",
            "text": "The $(item)Syringe Throwing Dagger$() для Сангвимансера более интересен вопрос приобретения $(blood)Life Essence$() чем $(raw)Will$() . Хотя оно наносит немного меньше урона, оно заметно дешевле, и враги, убитые этим оружием, имеют шанс выронить $(item)Slate Ampoule$() - или больше, если они достаточно сытные."
        },
        {
            "type": "patchouli:spotlight",
            "item": "bloodmagic:slate_ampoule",
            "title": "Slate Ampoule",
            "text": "Эти очаровательные маленькие пузырьки можно раздавить, находясь рядом с $(l:bloodmagic:altar/blood_altar)Blood Altar$() для того, чтобы перевести $(blood)500 LP$() в него, разрушая $(item)Ampoule$() в процессе. Эти достижения не зависят от каких-либо $(item)Runes$() Возможно, у вас так и есть."
        },
        {
            "type": "bloodmagic:crafting_soulforge",
            "heading": "Amethyst Throwing Dagger",
            "recipe": "bloodmagic:soulforge/throwing_dagger_copper",
            "anchor": "amethyst_throwing_dagger",
            "text": "The $(item)Amethyst Throwing Dagger$() наносит столько же вреда, сколько $(item)Iron Throwing Dagger$() , но мобы не падают $(raw)Will$() когда убит. Вместо этого восемь из них можно создать с помощью $(l:bloodmagic:alchemy_table/potions)Lingering Alchemy Flask$() в $(item)Alchemy Reaction Chamber$() создать $(item)Tipped Amethyst Throwing Daggers$() ."
        },
        {
            "type": "bloodmagic:crafting_arc",
            "heading": "Tipped Throwing Dagger",
            "recipe": "bloodmagic:arc/tipped_copper",
            "text": "Они передадут свой эффект любому мобу, которого они поразят, так же, как если бы они вошли в облако, оставленное $(item)Lingering Alchemy Flask$() . Экспериментируйте с комбинированными эффектами, чтобы найти самые ослабляющие, дьявольские кинжалы, которые вы только сможете создать!"
        }
    ]
}