{
    "name": "Фильтр составных элементов",
    "icon": "bloodmagic:itemrouterfiltercomposite",
    "category": "bloodmagic:demon_will/item_routing",
    "pages": [
        {
            "type": "patchouli:text",
            "text": "The $(item)Composite Item Filter$() Сам по себе он ничего не делает, но в сочетании с другим типом $(item)Filter$() , он позволяет вам применять к нему правила этого фильтра. $(br2)Это означает, что вы можете, например, использовать «Любые чары» фильтра чар и «forge:swords» фильтра тегов, чтобы разрешить прохождение только зачарованных мечей."
        },
        {
            "type": "patchouli:text",
            "text": "Аналогично $(l:bloodmagic:demon_will/item_routing/standard_item_filter)Standard Item Filter$() , он имеет селектор количества и функцию разрешения/запрета. Если оставить количество пустым, по умолчанию будет установлено значение «все». Другие кнопки появятся в графическом интерфейсе, когда вы объедините его с другими фильтрами."
        },
        {
            "type": "bloodmagic:2x_crafting_alchemy_table",
            "a.heading": "Composite Item Filter",
            "a.recipe": "bloodmagic:alchemytable/composite_router_filter",
            "b.heading": "Adding A Tag Filter",
            "b.recipe": "bloodmagic:alchemytable/filter/composite_tag_filter"
        },
        {
            "type": "bloodmagic:2x_crafting_alchemy_table",
            "a.heading": "Adding An Enchant Filter",
            "a.recipe": "bloodmagic:alchemytable/filter/composite_enchant_filter",
            "b.heading": "Adding A Mod Filter",
            "b.recipe": "bloodmagic:alchemytable/filter/composite_mod_filter"
        }
    ]
}