{
    "name": "Фильтр предметов чар",
    "icon": "bloodmagic:itemrouterfilterenchant",
    "category": "bloodmagic:demon_will/item_routing",
    "pages": [
        {
            "type": "patchouli:text",
            "text": "The $(item)Enchantments Item Filter$() позволяет сортировать элементы по любому $(thing)Enchantments$() что они могут (или не могут) иметь. Он работает аналогично $(l:bloodmagic:demon_will/item_routing/standard_item_filter)Standard Item Filter$() , особенно в отношении количества и функций разрешения/запрета, но с несколькими дополнительными кнопками."
        },
        {
            "type": "bloodmagic:crafting_alchemy_table",
            "heading": "Enchantments Item Filter",
            "recipe": "bloodmagic:alchemytable/enchant_router_filter",
            "text": "Для этого рецепта подойдет любая зачарованная книга."
        },
        {
            "type": "patchouli:image",
            "images": [
                "bloodmagic:images/entries/routing/enchant_item_filter_gui.png"
            ],
            "title": "Enchantments Filter GUI",
            "border": true,
            "text": "Обратите внимание на две новые кнопки справа от кнопки «Разрешить»."
        },
        {
            "type": "patchouli:text",
            "text": "Первая кнопка позволяет вам выбрать, следует ли сопоставлять $(thing)Every Enchantment$() на зачарованном предмете, $(thing)Any Enchantment$() , или $(thing)one particular enchantment$() . Вторая кнопка позволяет указать, следует ли обращать внимание на уровень или нет. (Например, «Защита III» против «Защита»). $(br2)Если вы вставите $(thing)an unenchanted item$() в фильтре, вы можете эффективно разрешить или запретить $(thing)any sort of enchantment$() для вставки в указанный инвентарь или удаления из него."
        }
    ]
}