{
    "name": "Фильтрующие детали",
    "icon": "bloodmagic:componentframeparts",
    "category": "bloodmagic:demon_will/item_routing",
    "pages": [
        {
            "type": "bloodmagic:crafting_alchemy_table",
            "heading": "Filter Parts",
            "recipe": "bloodmagic:alchemytable/component_frame_parts",
            "text": "$(item)Filter Parts$() являются неотъемлемым компонентом во всех $(item)Filters$() . Сами по себе они бесполезны."
        }
    ]
}