{
    "name": "Фильтр предметов мода",
    "icon": "bloodmagic:itemrouterfiltermoditems",
    "category": "bloodmagic:demon_will/item_routing",
    "pages": [
        {
            "type": "patchouli:text",
            "text": "The $(item)Mod Item Filter$() позволяет выбрать до 9 предметов из разных модов. Аналогично $(l:bloodmagic:demon_will/item_routing/standard_item_filter)Standard Item Filter$() , он имеет селектор количества и функцию разрешения/запрета. Если оставить поле количества пустым, по умолчанию будет установлено значение «все». $(br2)Для каждого элемента, который вы помещаете в этот фильтр, $(thing)any item from the same mod$() будут сопоставлены."
        },
        {
            "type": "bloodmagic:crafting_alchemy_table",
            "heading": "Mod Item Filter",
            "recipe": "bloodmagic:alchemytable/mod_router_filter",
            "text": "Это позволяет вам запрещать/разрешать целые группы элементов. Удобно для сортировки всех ваших $(blood)Blood Magic$() предметы в их собственный супер-специальный сундук, если назвать случайный пример."
        }
    ]
}