{
    "name": "Узел маршрутизатора",
    "icon": "bloodmagic:noderouter",
    "category": "bloodmagic:demon_will/item_routing",
    "priority": "true",
    "pages": [
        {
            "type": "patchouli:text",
            "text": "The $(item)Node Router$() используется для соединения узлов в сеть. Его функциональность проста - просто удерживайте [$(k:sneak)] и [$(k:use)], наводясь на узел, затем сделайте то же самое с другим узлом в пределах 16 блоков. Эти два узла теперь связаны. Если вы хотите отменить выбор узла, [$(k:use)] на любом другом блоке. Смотрите запись на $(l:bloodmagic:demon_will/item_routing/routing_nodes)Routing Nodes$() для получения более подробной информации."
        },
        {
            "type": "bloodmagic:crafting_soulforge",
            "heading": "Node Router",
            "recipe": "bloodmagic:soulforge/node_router",
            "text": "$(italic)A slightly magical stick.$()"
        }
    ]
}