{
    "name": "Узлы маршрутизации",
    "icon": "bloodmagic:masterroutingnode",
    "category": "bloodmagic:demon_will/item_routing",
    "priority": "true",
    "pages": [
        {
            "type": "patchouli:text",
            "text": "Перетаскивание вещей вручную может быть приемлемым для некоторых людей, но мы — Сангвимансеры. Более того, у нас есть доступ к $(raw)Demon Will$() ! Конечно, есть лучший способ сделать что-то. $(br2)Поэтому вам удалось придумать $(thing)Routing Nodes$() . Они предлагают эффективный способ транспортировки, сортировки и фильтрации предметов, отправляя их волшебным образом по воздуху по вашему приказу."
        },
        {
            "type": "patchouli:text",
            "text": "$(thing)Routing Node Networks$() имеют 3 основных компонента: $(item)Input Nodes$() , $(item)Output Nodes$() , и $(item)Master Routing Node$() . $(br2)Каждая сеть требует ровно 1 $(item)Master Routing Node$() , и каждый другой узел в сети должен иметь возможность проследить маршрут обратно к Мастеру, напрямую или через другие узлы. Узлы $(br2)Input и Output могут извлекать или вставлять элементы из любого блока с доступным инвентарем, соответственно."
        },
        {
            "type": "bloodmagic:crafting_soulforge",
            "heading": "Master Routing Node",
            "recipe": "bloodmagic:soulforge/master_routing_node",
            "text": "В будущем главный узел сможет принимать обновления, но сейчас он служит только для управления и руководства сетью, выступая в качестве ее «мозга»."
        },
        {
            "type": "patchouli:text",
            "text": "А $(item)Master Routing Node$() все это хорошо, но без двух других типов узлов оно само по себе не особенно полезно, поэтому давайте перейдем к ним. $(br2) $(item)Input Routing Nodes$() втягивать элементы в сеть, $(item)Output Routing Nodes$() экспортировать их снова, и все по-старому $(item)Routing Nodes$() служат для расширения охвата вашей сети. Поскольку в настоящее время узлы ввода и вывода в остальном идентичны, мы сосредоточимся на узле маршрутизации ввода, если не указано иное."
        },
        {
            "type": "bloodmagic:crafting_soulforge",
            "heading": "Routing Node",
            "recipe": "bloodmagic:soulforge/routing_node",
            "text": "Сам по себе не делает многого, но может использоваться для расширения $(thing)Routing Networks$() за пределами радиуса действия одного соединения в 16 кварталов."
        },
        {
            "type": "bloodmagic:2x_crafting_soulforge",
            "a.heading": "Input Routing Node",
            "a.recipe": "bloodmagic:soulforge/input_routing_node",
            "b.heading": "Output Routing Node",
            "b.recipe": "bloodmagic:soulforge/output_routing_node"
        },
        {
            "type": "patchouli:text",
            "text": "Когда вы размещаете узел ввода или вывода, он автоматически подключается к $(thing)all adjacent inventories$() , но без этого ничего не получится $(item)Filter$() какого-либо типа в хотя бы одном из слотов его стороны. Например, вы можете использовать $(l:bloodmagic:demon_will/item_routing/standard_item_filter)Standard Item Filter$() установлен на $(item)Iron Ore$() на вершине $(item)Furnace$() , второй фильтр, установленный на уголь сбоку печи, и входной узел внизу, установленный на железные слитки."
        },
        {
            "type": "patchouli:image",
            "images": [
                "bloodmagic:images/entries/routing/node_demo.png"
            ],
            "border": true,
            "text": "Выходной узел в мире."
        },
        {
            "type": "patchouli:image",
            "images": [
                "bloodmagic:images/entries/routing/node_gui_right.png"
            ],
            "border": true,
            "text": "После настройки узлов давайте откроем графический интерфейс Node."
        },
        {
            "type": "patchouli:text",
            "text": "Справа у нас указаны стороны света. $(bold)D$() собственный, $(bold)U$() п, $(bold)N$() орт, $(bold)S$() южн, $(bold)W$() есть, и $(bold)E$() ast. Вы заметите, что на некоторых кнопках появляется маленькая картинка блока, представляющая то, что находится на этой стороне узла. GUI откроется на стороне, обращенной к прикрепленному инвентарю, или вниз, если инвентаря нет. Сами кнопки следуют направлению, в котором смотрит игрок, поэтому верхняя кнопка — «вперед», левая кнопка — «влево» и т. д."
        },
        {
            "type": "patchouli:image",
            "images": [
                "bloodmagic:images/entries/routing/node_gui_left.png"
            ],
            "border": true
        },
        {
            "type": "patchouli:text",
            "text": "Слева вы увидите пространство, куда мы можем вставить Фильтр для выбранной стороны и Приоритет. Большие числа = более важные. $(br2)Узлы могут иметь один фильтр на сторону, поэтому мы выберем нужную сторону и поместим в нее наш фильтр. (Более подробную информацию о Фильтрах см. в разделе «Введение в Фильтры»)."
        },
        {
            "type": "patchouli:text",
            "text": "После настройки ваших входных и выходных узлов они будут связаны между собой с помощью $(l:bloodmagic:demon_will/item_routing/node_router)Node Router$() в сети, которая включает ровно один $(item)Master Routing Node$() , и оба имеют фильтры элементов, вставленные в правильные стороны, все должно быть готово! Элементы будут маршрутизироваться в соответствии с приоритетами и правилами, содержащимися в ваших фильтрах."
        },
        {
            "type": "patchouli:image",
            "images": [
                "bloodmagic:images/entries/routing/network_demo.png"
            ],
            "border": true,
            "text": "Узлы не обязательно должны быть напрямую связаны с $(item)Master Routing Node$() , просто к любому узлу в сети."
        }
    ]
}