{
    "name": "Стандартный фильтр элементов",
    "icon": "bloodmagic:itemrouterfilterexact",
    "category": "bloodmagic:demon_will/item_routing",
    "pages": [
        {
            "type": "patchouli:text",
            "text": "Фильтр стандартных предметов позволяет выбрать до 9 предметов для изъятия из смежного инвентаря или вставки в него при вставке в $(l:bloodmagic:demon_will/item_routing/routing_nodes)Routing Node$() . $(br2)Каждый элемент имеет количество — если оставить это поле пустым, по умолчанию будет установлено значение «все». $(br2)Фильтр также имеет функцию «Разрешить» и «Запретить». В режиме «Запретить» количество игнорируется."
        },
        {
            "type": "bloodmagic:crafting_alchemy_table",
            "heading": "Standard Item Filter",
            "recipe": "bloodmagic:alchemytable/router_filter",
            "text": "$(br)При использовании в $(item)Input Routing Node$() , количество сообщает узлу, сколько этого элемента оставить в выбранном инвентаре. Все, что превышает это количество, будет импортировано в сеть."
        },
        {
            "type": "patchouli:text",
            "text": "При использовании в $(item)Output Routing Node$() , количество сообщает узлу, каким количеством этого элемента заполнить выбранный инвентарь. Все, что сверх этого количества, останется в сети — либо будет передано в другой действительный инвентарь, либо останется там, где оно есть."
        },
        {
            "type": "patchouli:image",
            "images": [
                "bloodmagic:images/entries/routing/standard_item_filter_gui.png",
                "bloodmagic:images/entries/routing/standard_item_filter_mouseover.png"
            ],
            "title": "Standard Item Filter GUI",
            "border": true,
            "text": "Графический интерфейс и текст, появляющийся при наведении курсора мыши на настроенный фильтр."
        }
    ]
}