{
    "name": "Фильтр по тегу",
    "icon": "bloodmagic:itemrouterfilteroredict",
    "category": "bloodmagic:demon_will/item_routing",
    "pages": [
        {
            "type": "patchouli:text",
            "text": "The $(item)Tag Item Filter$() позволяет выбрать до 9 элементов и отфильтровать их по связанным с ними параметрам $(thing)Tags$() . Аналогично $(l:bloodmagic:demon_will/item_routing/standard_item_filter)Standard Item Filter$() , он имеет селектор количества и функцию разрешения/запрета. Если оставить поле количества пустым, по умолчанию будет установлено значение «все». $(br2)Для каждого элемента, который вы помещаете в этот фильтр, вы можете выбрать, следует ли сопоставлять элементы на основе $(thing)one specific tag$() , или $(thing)any of its tags$() ."
        },
        {
            "type": "bloodmagic:crafting_alchemy_table",
            "heading": "Tag Item Filter",
            "recipe": "bloodmagic:alchemytable/tag_router_filter",
            "text": "Это позволяет вам запрещать/разрешать категории элементов, поэтому вы можете указать, что все элементы с тегом $(thing)forge:ores$() например, отправьте его в вашу печь."
        },
        {
            "type": "patchouli:image",
            "images": [
                "bloodmagic:images/entries/routing/tag_item_filter_gui.png",
                "bloodmagic:images/entries/routing/tag_item_filter_mouseover.png"
            ],
            "title": "Tag Item Filter GUI",
            "border": true,
            "text": "Графический интерфейс и текст, появляющийся при наведении курсора мыши на настроенный фильтр."
        }
    ]
}