{
    "name": "Обновления",
    "icon": "bloodmagic:mastercore",
    "category": "bloodmagic:demon_will/item_routing",
    "pages": [
        {
            "type": "patchouli:text",
            "text": "В настоящее время только один $(thing)Upgrade$() доступен для сети маршрутизации. $(br2) $(item)Basic Routing Logic Upgrade$() увеличивает общее количество элементов, передаваемых за одну операцию. (в настоящее время один раз в секунду). По умолчанию сеть будет передавать 16 элементов за раз, но каждый из них увеличит этот лимит на 8."
        },
        {
            "type": "bloodmagic:crafting_soulforge",
            "heading": "Basic Routing Logic Upgrade",
            "recipe": "bloodmagic:soulforge/master_node_upgrade",
            "text": "Эти обновления складываются до 16, что позволяет передавать в общей сложности 144 элемента в секунду. Обратите внимание, что это можно разделить на несколько стеков, если нужно передать много разных элементов одновременно."
        }
    ]
}