{
    "name": "Жаждущий битвы",
    "icon": "minecraft:rotten_flesh",
    "category": "bloodmagic:alchemy_array/living_equipment/armor_downgrades",
    "pages": [
        {
            "type": "patchouli:text",
            "text": "Дает вам чувство голода, если вы не атаковали что-то в последнее время. Более высокие уровни дают вам более короткое окно перезарядки и усиливают чувство голода."
        },
        {
            "type": "bloodmagic:living_armour_downgrade",
            "a.recipe": "bloodmagic:downgrade/battle_hungry",
            "b.upgrade": "bloodmagic:battle_hungry"
        }
    ]
}