{
    "name": "Покалеченная рука",
    "icon": "minecraft:shield",
    "category": "bloodmagic:alchemy_array/living_equipment/armor_downgrades",
    "pages": [
        {
            "type": "patchouli:text",
            "text": "Эффект: Не позволяет вам использовать ваш предмет в левой руке. Это включает в себя размещение факелов, поднятие щита и т. д."
        },
        {
            "type": "bloodmagic:living_armour_downgrade",
            "a.recipe": "bloodmagic:downgrade/crippled_arm",
            "b.upgrade": "bloodmagic:crippled_arm"
        }
    ]
}