{
    "name": "Затупившееся лезвие",
    "icon": "minecraft:stone_sword",
    "category": "bloodmagic:alchemy_array/living_equipment/armor_downgrades",
    "pages": [
        {
            "type": "patchouli:text",
            "text": "Снижает урон в ближнем бою. Максимальное снижение составляет 80%."
        },
        {
            "type": "bloodmagic:living_armour_downgrade",
            "a.recipe": "bloodmagic:downgrade/melee_decrease",
            "b.upgrade": "bloodmagic:melee_decrease"
        }
    ]
}