{
    "name": "Закаленный",
    "icon": "minecraft:glass_bottle",
    "category": "bloodmagic:alchemy_array/living_equipment/armor_downgrades",
    "pages": [
        {
            "type": "patchouli:text",
            "text": "Не позволяет пить какие-либо зелья, пока вы носите доспехи."
        },
        {
            "type": "bloodmagic:living_armour_downgrade",
            "a.recipe": "bloodmagic:downgrade/quenched",
            "b.upgrade": "bloodmagic:quenched"
        }
    ]
}