{
    "name": "Штурмовик",
    "icon": "minecraft:arrow",
    "category": "bloodmagic:alchemy_array/living_equipment/armor_downgrades",
    "pages": [
        {
            "type": "patchouli:text",
            "text": "Делает стрельбу из луков и арбалетов крайне неточной."
        },
        {
            "type": "bloodmagic:living_armour_downgrade",
            "a.recipe": "bloodmagic:downgrade/storm_trooper",
            "b.upgrade": "bloodmagic:storm_trooper"
        }
    ]
}