{
    "name": "Основы жизнеобеспечения",
    "icon": "bloodmagic:reagentbinding",
    "category": "bloodmagic:alchemy_array/living_equipment",
    "extra_recipe_mappings": {
        "bloodmagic:reagentbinding": 1,
        "bloodmagic:livinghelmet": 3,
        "bloodmagic:livingplate": 3,
        "bloodmagic:livingleggings": 3,
        "bloodmagic:livingboots": 3
    },
    "pages": [
        {
            "type": "patchouli:text",
            "text": "Чтобы создать $(item)Living Equipment$() , вам сначала понадобится $(item)Iron Armor$() (или $(item)Iron Armour$() , если хотите), некоторые $(l:bloodmagic:alchemy_array/functional_arrays/arcane_ash)Arcane Ash$() , и некоторые $(item)Binding Reagent$() . Вам также понадобится как минимум $(br) $(l:bloodmagic:demon_will/will_manipulation/soul_gem)Common Tartaric Gem$() для того, чтобы удержать $(item)Demon Will$() необходимый."
        },
        {
            "type": "bloodmagic:crafting_alchemy_table",
            "heading": "Binding Reagent",
            "recipe": "bloodmagic:alchemytable/reagent_binding",
            "text": "$(italic)It clings to me tightly...$() $(br2)$(br2) $(item)Living Equipment$() эквивалентен по долговечности $(item)Diamond Armour$() , и может быть отремонтирован в $(thing)Anvil$() с большим количеством $(thing)Binding Reagent.$()"
        },
        {
            "type": "patchouli:text",
            "text": "как и в случае с любым другим массивом Алхимии, нажмите [$(k:use)], глядя на блок с $(item)Arcane Ashes$() в руке, затем примените $(item)Binding Reagent$() . Затем поместите в свой $(item)Iron Helmet$() , $(item)Iron Chestplate$() , $(item)Iron Leggings$() или $(item)Iron Boots$() , отойдите и посмотрите шоу. $(br2) Living Equipment изначально эквивалентен Iron, но у него есть $(thing)Upgrade Points$() которые можно, с осторожностью, потратить на его обучение определенным образом. Начинается со 100, но могут быть способы обойти это ограничение..."
        },
        {
            "type": "bloodmagic:crafting_array",
            "heading": "Ritual of Binding",
            "recipe": "bloodmagic:array/living_helmet",
            "text": "Он живой, все в порядке... и он учится у вас. Вам лучше быть осторожнее с тем, чему вы его учите. $(br2)Вы можете внимательнее следить за тем, чему он научился на данный момент, удерживая [$(k:sneak)], когда смотрите на него."
        }
    ]
}