{
    "name": "Обновление томов",
    "icon": "bloodmagic:upgradetome",
    "priority": true,
    "category": "bloodmagic:alchemy_array/living_equipment",
    "extra_recipe_mappings": {
        "bloodmagic:upgradetome": 0
    },
    "pages": [
        {
            "type": "patchouli:text",
            "text": "При активации $(l:bloodmagic:rituals/ritual_list/ritual_upgrade_remove)Sound of the Cleansing Soul$() , серия магических $(item)Tomes$() проявятся вокруг вас. $(br2)Нажав [$(k:use)], удерживая один из них, вы можете «обучить» свой нагрудник одному уровню этого навыка (при условии, что у него достаточно свободных очков, чтобы изучить его). Удерживание [$(k:sneak)] и [$(k:use)] вместо этого будет потреблять как можно больше опыта из тома."
        },
        {
            "type": "patchouli:text",
            "text": "Это приведет к потреблению $(item)Tome$() и примените весь опыт с него к своему нагруднику - если только его недостаточно $(thing)Upgrade Points$() доступно. $(br2)В этом случае Том применит столько опыта, сколько сможет, и сохранит остаток — если только не останется менее 1 уровня, в противном случае Том будет уничтожен."
        },
        {
            "type": "patchouli:text",
            "text": "Это отличный способ сосредоточить обучение на способностях, которые вы хотели бы видеть чаще, при этом удобно забывая о тех, которые вы считаете менее полезными. $(br2)Кроме того, вы можете обучить разные нагрудники разным навыкам, так что у вас может быть один нагрудник для добычи полезных ископаемых, один для боя и еще один для исследования."
        }
    ]
}