{
    "name": "Модернизация бытового оборудования",
    "icon": "bloodmagic:upgradetome",
    "priority": true,
    "category": "bloodmagic:alchemy_array/living_equipment",
    "pages": [
        {
            "type": "patchouli:text",
            "text": "Надев эту новую броню, вы почувствовали, как она растет, пытаясь помочь вам с различными задачами, которые вы, как она видела, выполняете. $(br2)Кажется, она способна действовать во многих областях, но ее рост ограничен, и попытки сделать все сразу совершенно бесплодны."
        },
        {
            "type": "patchouli:text",
            "text": "Может быть, несколько специализированных наборов могут быть хорошей идеей? Конечно, вам придется тренировать его осторожно, если вы хотите чего-то большего, чем просто немного плохо направленных преимуществ. $(br2)К счастью, вы придумали $(l:rituals/ritual_list/ritual_upgrade_remove)Ritual$() которые помогут с обучением, и $(l:rituals/ritual_list/ritual_armour_evolve)another one$() это наделит вашу броню большей способностью к росту."
        }
    ]
}