{
    "name": "Тренировочный браслет",
    "icon": "bloodmagic:upgradetrainer",
    "category": "bloodmagic:alchemy_array/living_equipment",
    "pages": [
        {
            "type": "patchouli:text",
            "text": "Это новое оборудование невероятно помогает, но его ненаправленный рост иногда может быть... разочаровывающим. С этой целью вы придумали форму $(item)Training Bracelet$() чтобы помочь вам в ваших начинаниях. После создания простое нажатие [$(k:use)] активирует его меню и позволит вам указать, на каких способностях сосредоточить свое внимание... или каких избегать."
        },
        {
            "type": "bloodmagic:crafting_array",
            "heading": "Training Bracelet",
            "recipe": "bloodmagic:array/living_trainer",
            "text": "$(italic)*Insert Rocky Training Montage here*$()"
        },
        {
            "type": "patchouli:image",
            "images": [
                "bloodmagic:images/entries/alchemy_array/living_equipment/training_bracelet.png"
            ],
            "title": "Training Bracelet GUI",
            "border": false,
            "text": "Меню тренировочного браслета — может отслеживать до 16 различных улучшений одновременно."
        },
        {
            "type": "patchouli:text",
            "text": "Браслет может указать лимит для любого обновления (при условии, что у вас есть копия $(item)Tome$() в руку). Например, вы можете указать ему ограничить Strong Legs уровнем 3 — как только вы достигнете этого уровня, Strong Legs больше не будет получать опыт. Он также может запретить или разрешить обучение всем другим навыкам, которые вы не указали иным образом. Если вы хотите разрешить все улучшения, кроме одного, вы можете добавить его в браслет в режиме «разрешить другим» и установить его предельный уровень на 0."
        }
    ]
}