{
    "name": "Бодибилдер",
    "icon": "minecraft:cooked_beef",
    "category": "bloodmagic:alchemy_array/living_equipment/armor_upgrades",
    "pages": [
        {
            "type": "patchouli:text",
            "text": "Эффект: Дает сопротивление отбрасыванию и бонусное здоровье. Максимум — 100% сопротивления и 10 половинок здоровья. $(br2)Тренируется: Поеданием пищи. $(br2)Максимальный уровень: 5"
        },
        {
            "type": "bloodmagic:living_armour_upgrade_table",
            "upgrade": "bloodmagic:knockback_resist"
        }
    ]
}