{
    "name": "Блеск",
    "icon": "minecraft:diamond",
    "category": "bloodmagic:alchemy_array/living_equipment/armor_upgrades",
    "pages": [
        {
            "type": "bloodmagic:crafting_alchemy_table",
            "heading": "Brilliance",
            "recipe": "bloodmagic:alchemytable/upgrade_brilliance",
            "text": "Эффект: Улучшает защиту брони. Максимум +5 к броне и +8 к выносливости. $(br2)Обучается: созданием живого тома на Алхимическом столе. Каждый том добавляет 1 уровень гениальности. $(br2)Максимальный уровень: 5"
        },
        {
            "type": "bloodmagic:living_armour_upgrade_table",
            "upgrade": "bloodmagic:diamond_protect"
        }
    ]
}