{
    "name": "Вставной",
    "icon": "bloodmagic:soulsnare",
    "category": "bloodmagic:alchemy_array/living_equipment/armor_upgrades",
    "flag": "mod:curios",
    "pages": [
        {
            "type": "patchouli:text",
            "text": "Добавляет $(thing)Living Armour Socket$() Любопытные слоты для игрока, которые могут держать совместимые $(6)Blood Magic$() предметы. $(br2)Это улучшение нельзя обучить, его можно только создать. По умолчанию каждый $(l:bloodmagic:alchemy_array/living_equipment/living_tomes)Upgrade Tome$() добавляет один дополнительный слот."
        },
        {
            "type": "bloodmagic:crafting_upgrade_alchemy_table",
            "a.heading": "Socketed Tome",
            "a.recipe": "bloodmagic:alchemytable/curios_upgrade",
            "b.upgrade": "bloodmagic:curios_socket"
        }
    ]
}