{
    "name": "Надкрылья",
    "icon": "minecraft:elytra",
    "category": "bloodmagic:alchemy_array/living_equipment/armor_upgrades",
    "pages": [
        {
            "type": "patchouli:text",
            "text": "Добавляет Элитру к вашей Живой Броне. Вместо того, чтобы быть обученным, $(l:bloodmagic:alchemy_array/living_equipment/living_tomes)Upgrade Tome$() необходимо изготовить. $(br2)Эти надкрылья действительно истощают прочность нагрудника, но с вдвое меньшей скоростью, чем обычные надкрылья. $(br2)Они также выглядят довольно аккуратно."
        },
        {
            "type": "bloodmagic:crafting_upgrade_array",
            "a.heading": "Elytra Tome",
            "a.recipe": "bloodmagic:array/living_elytra_upgrade",
            "b.upgrade": "bloodmagic:elytra"
        }
    ]
}