{
    "name": "Опытный",
    "icon": "minecraft:experience_bottle",
    "category": "bloodmagic:alchemy_array/living_equipment/armor_upgrades",
    "pages": [
        {
            "type": "patchouli:text",
            "text": "Эффект: Увеличивает выпадение опыта за убийство мобов, до 150%. $(br2)Обучение: Сбор опыта. $(br2)Максимальный уровень: 10"
        },
        {
            "type": "bloodmagic:living_armour_upgrade_table",
            "upgrade": "bloodmagic:experienced"
        }
    ]
}