{
    "name": "Дар Игниса",
    "icon": "minecraft:blaze_powder",
    "category": "bloodmagic:alchemy_array/living_equipment/armor_upgrades",
    "pages": [
        {
            "type": "patchouli:text",
            "text": "Эффект: Обеспечивает огнестойкость. Более высокие уровни длятся дольше и перезаряжаются быстрее. $(br2)Тренируется: Быть в огне. ( $(item)Potions of Fire Resistance$() может быть вашим другом здесь.) $(br2)Максимальный уровень: 5"
        },
        {
            "type": "bloodmagic:living_armour_upgrade_table",
            "upgrade": "bloodmagic:fire_resist"
        }
    ]
}