{
    "name": "Здоровый",
    "icon": "minecraft:golden_apple",
    "category": "bloodmagic:alchemy_array/living_equipment/armor_upgrades",
    "pages": [
        {
            "type": "patchouli:text",
            "text": "Эффект: Дает дополнительное здоровье, до 50 полусердец. $(br2)Обучается: Восстановление здоровья (Обычное исцеление или через $(item)Potions of Healing$() или $(item)Potions of Regeneration$() .) $(br2)Максимальный уровень: 10"
        },
        {
            "type": "bloodmagic:living_armour_upgrade_table",
            "upgrade": "bloodmagic:health"
        }
    ]
}