{
    "name": "Подушечка для булавок",
    "icon": "minecraft:arrow",
    "category": "bloodmagic:alchemy_array/living_equipment/armor_upgrades",
    "pages": [
        {
            "type": "patchouli:text",
            "text": "Эффект: Обеспечивает защиту от стрел. $(br2)Тренируется: Подвергаясь выстрелам. $(br2)Максимальный уровень: 10"
        },
        {
            "type": "bloodmagic:living_armour_upgrade_table",
            "upgrade": "bloodmagic:arrow_protect"
        }
    ]
}