{
    "name": "Сопротивление ядам",
    "icon": "minecraft:milk_bucket",
    "category": "bloodmagic:alchemy_array/living_equipment/armor_upgrades",
    "pages": [
        {
            "type": "patchouli:text",
            "text": "Эффект: Лечит отравление. Имеет время восстановления, которое сокращается с получением дополнительных уровней. $(br2)Тренируется: Будучи отравленным. $(br2)Максимальный уровень: 5"
        },
        {
            "type": "bloodmagic:living_armour_upgrade_table",
            "upgrade": "bloodmagic:poison_resist"
        }
    ]
}