{
    "name": "Быстрые ноги",
    "icon": "minecraft:sugar",
    "category": "bloodmagic:alchemy_array/living_equipment/armor_upgrades",
    "pages": [
        {
            "type": "patchouli:text",
            "text": "Эффект: Увеличивает скорость передвижения игрока до 150%. $(br2)Тренируется: Бегом. $(br2)Максимальный уровень: 10"
        },
        {
            "type": "bloodmagic:living_armour_upgrade_table",
            "upgrade": "bloodmagic:speed"
        }
    ]
}