{
    "name": "Ремонт",
    "icon": "minecraft:anvil",
    "category": "bloodmagic:alchemy_array/living_equipment/armor_upgrades",
    "pages": [
        {
            "type": "patchouli:text",
            "text": "Эффект: Ремонтирует случайную часть изношенной брони каждые 100 тиков $(br2)Обучается: ремонтируя нагрудник (на наковальне, с помощью $(thing)Mending$() зачарование и т.д.). $(br2)Максимальный уровень: 1"
        },
        {
            "type": "bloodmagic:living_armour_upgrade_table",
            "upgrade": "bloodmagic:repair"
        }
    ]
}