{
    "name": "Мягкое падение",
    "icon": "minecraft:feather",
    "category": "bloodmagic:alchemy_array/living_equipment/armor_upgrades",
    "pages": [
        {
            "type": "patchouli:text",
            "text": "Эффект: Снижает урон от падения, вплоть до полной неуязвимости. $(br2)Тренер: Получает травмы от падений. $(br2)Максимальный уровень: 5"
        },
        {
            "type": "bloodmagic:living_armour_upgrade_table",
            "upgrade": "bloodmagic:fall_protect"
        }
    ]
}