{
    "name": "Сильные ноги",
    "icon": "minecraft:diamond_leggings",
    "category": "bloodmagic:alchemy_array/living_equipment/armor_upgrades",
    "pages": [
        {
            "type": "patchouli:text",
            "text": "Эффект: Увеличивает высоту прыжка и уменьшает урон от падения, максимум до дополнительных 7,5 блоков и 83% сопротивления падению. Можно отменить, удерживая [$(k:sneak)] во время прыжка. $(br2)Тренируется: Прыжками. $(br2)Максимальный уровень: 10"
        },
        {
            "type": "bloodmagic:living_armour_upgrade_table",
            "upgrade": "bloodmagic:jump"
        }
    ]
}