{
    "name": "Жесткий",
    "icon": "minecraft:shield",
    "category": "bloodmagic:alchemy_array/living_equipment/armor_upgrades",
    "pages": [
        {
            "type": "patchouli:text",
            "text": "Эффект: Защищает вас от урона, не связанного со снарядами. $(br2)Тренировка: Получение урона от всего, кроме снарядов. $(br2)Максимальный уровень: 10"
        },
        {
            "type": "bloodmagic:living_armour_upgrade_table",
            "upgrade": "bloodmagic:physical_protect"
        }
    ]
}