{
    "name": "Жесткие ладони",
    "icon": "bloodmagic:sacrificialdagger",
    "category": "bloodmagic:alchemy_array/living_equipment/armor_upgrades",
    "pages": [
        {
            "type": "patchouli:text",
            "text": "Эффект: Дает бонус к Самопожертвованию, до дополнительных 150%. $(br2)Обучение: Жертвоприношение Крови с помощью Жертвенного Ножа. $(br2)Максимальный уровень: 10"
        },
        {
            "type": "bloodmagic:living_armour_upgrade_table",
            "upgrade": "bloodmagic:self_sacrifice"
        }
    ]
}