{
    "name": "Кристаллы Активации",
    "icon": "bloodmagic:activationcrystalweak",
    "category": "bloodmagic:rituals",
    "pages": [
        {
            "type": "patchouli:text",
            "text": "Ваши ритуалы требуют больше, чем просто правильное расположение блоков и Сигилов. Усилие воли требуется, чтобы открыть канал от вашей Сети Души к ритуалу, и $(item)Activation Crystal$() позволит вам сосредоточиться достаточно, чтобы активировать свои ритуалы."
        },
        {
            "type": "bloodmagic:crafting_altar",
            "heading": "Weak Activation Crystal",
            "recipe": "bloodmagic:weak_activation_crystal",
            "text": "Просто нажмите [$(k:use)] с привязанным Кристаллом Активации на Главном Ритуальном Камне, чтобы активировать ритуал, частью которого он является (конечно, при условии, что он надлежащим образом собран).",
            "anchor": "weak"
        }
    ]
}