{
    "name": "Ритуальный мастер",
    "icon": "bloodmagic:ritualtinkerer",
    "category": "bloodmagic:rituals",
    "priority": "true",
    "pages": [
        {
            "type": "patchouli:text",
            "text": "The $(item)Ritual Tinkerer$() является важным инструментом для продвинутого сангвиманта, который ищет все, что он может получить от своего $(thing)Rituals$() . Он имеет три основных режима, как описано на обороте. Вы можете переключаться между ними, нажимая [$(k:sneak)] и [$(k:use)]."
        },
        {
            "type": "patchouli:crafting",
            "recipe": "bloodmagic:ritual_reader"
        },
        {
            "type": "patchouli:text",
            "text": "$(li)Информация: Описывает функцию $(thing)Ritual$() , аналогично $(l:bloodmagic:rituals/ritual_diviner)Ritual Diviner$() . $(li)Set будет потреблен: сообщает $(thing)Ritual$() какие виды $(raw)Demon Will$() (если таковые имеются) потреблять из $(l:bloodmagic:demon_will/will_manipulation/aura)Aura$() . Укажите это, проведя $(item)Demon Will Crystals$() на вашей панели горячих клавиш, по одной для каждого типа $(raw)will$() Вы желаете, чтобы $(thing)Ritual$() потреблять. Дополнительная информация о воздействии $(raw)Demon Will$() на $(thing)Rituals$() можно найти на каждом $(thing)Ritual$() соответствующая страница в этой книге."
        },
        {
            "type": "patchouli:text",
            "text": "$(li)Define Area: определяет зону, в которой находится $(thing)Ritual$() должен работать и отображает текущую зону. Если можно указать несколько зон, нажав [$(k:sneak)] и [$(k:use)] на $(item)Master Ritual Stone$() будет циклически проходить через них. Некоторые $(thing)Rituals$() можно расширить далеко за пределы их стандартных областей, но имейте в виду, что это увеличит $(blood)LP$() стоимость соответствия..."
        }
    ]
}