{
    "name": "Ритуалы - Начало работы",
    "icon": "bloodmagic:activationcrystalcreative",
    "category": "bloodmagic:rituals",
    "priority": "true",
    "pages": [
        {
            "type": "patchouli:text",
            "text": "Как только вы доведете свой $(l:bloodmagic:altar/blood_altar)Алтарь крови$(/l) до уровня 3, вы сможете окунуться в чудесный мир ритуалов. $(br2)Для работы с ритуалами вам потребуется следующее: $(li)An $(l:bloodmagic:rituals/activation_crystals)Activation Crystal$() . На уровне 3 только $(item)Weak Crystal$() доступен. $(li)A $(item)Master Ritual Stone$() . Каждый ритуал требует наличия в своем центре только одного из них."
        },
        {
            "type": "patchouli:text",
            "text": "$(li)Достаточно ритуальных камней для проведения ритуала. $(li)(Рекомендуется) A $(l:bloodmagic:rituals/ritual_diviner)Ritual Diviner$() . Хотя это и не обязательно, но значительно упростит создание ритуала. $(br2)Создание ритуала относительно просто. Просто нажмите [$(k:sneak)] + [$(k:use)] с Ритуальным Предсказателем в руке, пока он не отобразит название нужного ритуала. Проверьте необходимое количество рун, наведя на него курсор в"
        },
        {
            "type": "patchouli:text",
            "text": "инвентарь и удерживая [$(k:sneak)]. $(br2)Поместите Камень Мастера Ритуала и удерживайте [$(k:use)], пока все камни не будут размещены и окрашены правильным элементом. Наконец, нажмите [$(k:use)] на Камень Мастера Ритуала с вашим Кристаллом Активации в руке. Если вы все сделали правильно, вы должны получить сообщение «Через ритуал течет поток энергии!». Ритуал теперь активен."
        },
        {
            "type": "patchouli:text",
            "text": "Если этого не происходит, что-то могло пойти не так. Если вместо этого вы получаете текст «Вы чувствуете толчок, но слишком слабы, чтобы завершить этот ритуал», то у вас недостаточно $(blood)LP$() в вашем $(thing)Soul Network$() для активации ритуала. $(br2)Если сообщение гласит: «Вы чувствуете, что эти руны настроены неправильно...», значит, что-то пошло не так в размещении рун. Проверьте область на наличие завалов и попробуйте собрать ритуал еще раз."
        },
        {
            "type": "patchouli:text",
            "text": "Помните, что некоторые ритуалы простираются на несколько блоков выше и ниже Мастерского ритуального камня. Если вы не получили ошибку, убедитесь, что кристалл активации привязан к вашей душевной сети - это можно сделать, нажав [$(k:use)] удерживая его. $(br2) Важно отметить, что кристалл не обязательно должен быть привязан к ВАШЕЙ сети - если вы можете заполучить кристалл другого игрока, вы можете активировать ритуалы, используя его $(blood)LP$() . Берегите свои!"
        },
        {
            "type": "patchouli:text",
            "text": "последнее замечание: все ритуалы отвечают на $(fire)redstone$() сигнал, поэтому приклеивание рычага сбоку от Мастерского ритуального камня — хороший способ его деактивировать. Вы можете объединить эти знания с некоторой информацией в $(l:bloodmagic:altar/redstone_automation)Redstone and Automation$() чтобы гарантировать, что ваши ритуалы автоматически отключатся задолго до того, как вы $(thing)Soul Network$() иссякает."
        }
    ]
}