{
    "name": "Ритуальный прорицатель",
    "icon": "bloodmagic:ritualdiviner",
    "category": "bloodmagic:rituals",
    "pages": [
        {
            "type": "patchouli:text",
            "text": "Создание ритуалов — дело непростое. Даже если у вас есть правильный $(item)Inscription Tools$() , вы не можете просто нанести рунические надписи на что угодно и ожидать, что что-то произойдет. К счастью, $(item)Ritual Diviner$() здесь, чтобы помочь. $(br2)Удерживайте [$(k:sneak)] и нажмите [$(k:use)] или [$(k:attack)], глядя в пустоту, чтобы переключаться между доступными ритуалами в любом направлении."
        },
        {
            "type": "patchouli:crafting",
            "recipe": "bloodmagic:ritual_diviner_0",
            "text": "просто нажмите [$(k:use)], глядя на $(item)Master Ritual Stone$() чтобы заставить Прорицателя построить текущий выбранный ритуал из любого $(item)Ritual Stones$() вы можете нести. Это почти как магия!"
        },
        {
            "type": "patchouli:text",
            "text": "Ритуальный прорицатель может ломать сменные блоки (например, высокую траву, снег и т. д.), но не твердые блоки, такие как камень или грязь, поэтому убедитесь, что территория свободна, прежде чем начинать строительство, или $(l:bloodmagic:rituals/activation_crystals)Activation Crystal$() не сможет выполнять свою работу. $(br2)Также стоит отметить, что базовый прорицатель ритуалов может создавать только некоторые из самых простых ритуалов. Если вы хотите получить от своего прорицателя максимум, вам придется улучшить его с помощью $(dusk)Dusk Inscription Tools$() ."
        },
        {
            "type": "patchouli:crafting",
            "recipe": "bloodmagic:ritual_diviner_1",
            "anchor": "dusk",
            "text": "В отличие от инструментов для надписывания стихий, Ритуальный прорицатель и Ритуальный прорицатель [Сумеречный] никогда не закончатся."
        },
        {
            "type": "patchouli:text",
            "text": "Базовый Ритуальный Предсказатель требует по одному экземпляру каждого $(item)Elemental Inscription Tool$() для его создания, и, таким образом, $(l:bloodmagic:altar/blood_altar)Алтарь крови$(/l) 3-го уровня. $(br2)Четыре базовых Инструмента для надписывания стихий можно создать на вашем Алтаре для $(blood)1,000 LP$() каждый, как определено на следующих страницах. Ритуальный прорицатель [Сумерки] также требует Алтарь 4-го уровня для создания двух Инструментов для надписывания элементов Сумерки, по цене $(blood)2,000 LP$() каждый."
        },
        {
            "type": "patchouli:text",
            "text": "Вы также можете использовать эти инструменты для нанесения рун вручную, но этот способ следует применять только в декоративных целях, поскольку он медленный и неточный."
        },
        {
            "type": "bloodmagic:2x_crafting_altar",
            "a.heading": "Inscription Tool: Air",
            "a.recipe": "bloodmagic:altar/air_tool",
            "b.heading": "Inscription Tool: Fire",
            "b.recipe": "bloodmagic:altar/fire_tool"
        },
        {
            "type": "bloodmagic:2x_crafting_altar",
            "a.heading": "Inscription Tool: Water",
            "a.recipe": "bloodmagic:altar/water_tool",
            "b.heading": "Inscription Tool: Earth",
            "b.recipe": "bloodmagic:altar/earth_tool"
        },
        {
            "type": "bloodmagic:crafting_altar",
            "heading": "Inscription Tool: Dusk",
            "recipe": "bloodmagic:altar/dusk_tool"
        }
    ]
}