{
    "name": "Ритуальные камни",
    "icon": "bloodmagic:waterritualstone",
    "category": "bloodmagic:rituals",
    "extra_recipe_mappings": {
        "bloodmagic:airritualstone": 0,
        "bloodmagic:fireritualstone": 0,
        "bloodmagic:waterritualstone": 0,
        "bloodmagic:earthritualstone": 0,
        "bloodmagic:duskritualstone": 0
    },
    "pages": [
        {
            "type": "patchouli:text",
            "text": "$(item)Ritual Stones$() являются холстом, на котором вы будете рисовать свои $(item)Rituals$() . Они также выглядят довольно изящно, и их можно раскрашивать вручную различными красками. $(l:bloodmagic:rituals/ritual_diviner)Elemental Inscription Tools$() . $(br2)Обратите внимание, что раньше инструменты для надписей были долговечными, но теперь они вечны! Радуйтесь, вы можете украсить свою базу $(fire)Fire Ritual Stones$() сколько душе угодно."
        },
        {
            "type": "patchouli:crafting",
            "recipe": "bloodmagic:ritual_stone_blank",
            "recipe2": "bloodmagic:ritual_stone_master"
        }
    ]
}