{
    "name": "Алхимический стол",
    "icon": "bloodmagic:alchemytable",
    "category": "bloodmagic:alchemy_table",
    "pages": [
        {
            "type": "patchouli:text",
            "text": "The $(item)Alchemy Table$() предметы ремесла с использованием $(blood)LP$() из $(l:bloodmagic:altar/soul_network)Сети Душ$(/l). $(thing)Soul Network$() используемые и доступные уровни рецептов определяются $(item)Blood Orb$() вставлен в правую часть графического интерфейса. $(br2) $(item)Alchemy Table$() используется для изготовления нескольких $(6)Blood Magic$() компоненты, а также предлагает альтернативные рецепты для некоторых ванильных блюд."
        },
        {
            "type": "patchouli:crafting",
            "recipe": "bloodmagic:alchemy_table",
            "text": "При взгляде на $(item)Alchemy Table$() рецепты в этой книге (или в $(thing)JEI$() ), наведите курсор на стрелку с надписью «LP», чтобы увидеть время, $(blood)LP$() слив и информация об уровне."
        },
        {
            "type": "patchouli:image",
            "images": [
                "bloodmagic:images/entries/alchemy_table/alchemy_table_gui.png"
            ],
            "title": "Alchemy Table GUI",
            "border": true,
            "text": "С помощью этих кнопок можно вставить или извлечь таблицу алхимии."
        },
        {
            "type": "patchouli:text",
            "text": "The $(item)Alchemy Table$() имеет ряд кнопок на правой стороне. Это, по порядку, $(bold)D$() собственный, $(bold)U$() п, $(bold)N$() орт, $(bold)S$() южн, $(bold)W$() есть, и $(bold)E$() ast. Чтобы использовать их, сначала нажмите на любой слот в таблице алхимии. (Здесь мы выбрали центральный слот «готовый предмет» для демонстрации.) Затем нажмите на одну из этих шести кнопок, чтобы переключить или нет $(item)Alchemy Table$() следует разрешить $(item)Hoppers$() , трубы или другие подобные внешние помехи с этой стороны. Чтобы вернуться к нормальной работе стола,"
        },
        {
            "type": "patchouli:text",
            "text": "просто щелкните слот еще раз, чтобы снять с него выбор. Значок, отображаемый в слоте, показывает, принимает ли он входы или предоставляет выходы. На примере изображения мы разрешаем трубам брать из нашего центрального слота только на $(bold)D$() собственный слот, и любые попытки извлечь предметы с других сторон не увенчаются успехом."
        },
        {
            "type": "patchouli:image",
            "images": [
                "bloodmagic:images/entries/alchemy_table/alchemy_table_orb_error.png",
                "bloodmagic:images/entries/alchemy_table/alchemy_table_soul_error.png"
            ],
            "title": "Alchemy Table Errors",
            "anchor": "errors",
            "border": true,
            "text": "Таблица алхимии сообщит вам, если что-то не так."
        },
        {
            "type": "patchouli:text",
            "text": "Две наиболее распространенные причины, по которым рецепт не работает в таблице алхимии, следующие: $(li) $(bold)Orb Error$() : Либо в соответствующем слоте отсутствует Сфера Крови, либо Сфера, которую вы пытаетесь использовать, недостаточно высокого уровня для этого рецепта. $(li) $(bold)Soul Network Error$() : Сфера имеет допустимый уровень, но либо вы не привязали ее к себе (щелкните правой кнопкой мыши, удерживая ее), либо в вашей Душевной сети недостаточно LP. $(br2)На следующих страницах приведен ряд рецептов, доступных в настоящее время для Алхимического стола."
        },
        {
            "type": "bloodmagic:3x_crafting_alchemy_table",
            "a.heading": "Grass",
            "a.recipe": "bloodmagic:alchemytable/grass_block",
            "b.heading": "Leather",
            "b.recipe": "bloodmagic:alchemytable/leather_from_flesh",
            "c.heading": "Bread",
            "c.recipe": "bloodmagic:alchemytable/bread"
        },
        {
            "type": "bloodmagic:3x_crafting_alchemy_table",
            "a.heading": "Clay",
            "a.recipe": "bloodmagic:alchemytable/clay_from_sand",
            "b.heading": "String",
            "b.recipe": "bloodmagic:alchemytable/string",
            "c.heading": "Cobweb",
            "c.recipe": "bloodmagic:alchemytable/cobweb"
        },
        {
            "type": "bloodmagic:3x_crafting_alchemy_table",
            "a.heading": "Plant Oil",
            "a.recipe": "bloodmagic:alchemytable/plantoil_from_wheat",
            "b.recipe": "bloodmagic:alchemytable/plantoil_from_carrots",
            "c.recipe": "bloodmagic:alchemytable/plantoil_from_taters"
        },
        {
            "type": "bloodmagic:3x_crafting_alchemy_table",
            "a.heading": "Plant Oil Cont.",
            "a.recipe": "bloodmagic:alchemytable/plantoil_from_beets",
            "b.heading": "Coal Sand",
            "b.recipe": "bloodmagic:alchemytable/sand_coal",
            "c.heading": "Explosive Powder",
            "c.recipe": "bloodmagic:alchemytable/explosive_powder"
        },
        {
            "type": "bloodmagic:3x_crafting_alchemy_table",
            "a.heading": "Flint",
            "a.recipe": "bloodmagic:alchemytable/flint_from_gravel",
            "b.heading": "Saltpeter",
            "b.recipe": "bloodmagic:alchemytable/saltpeter",
            "c.heading": "Gunpowder",
            "c.recipe": "bloodmagic:alchemytable/gunpowder"
        },
        {
            "type": "bloodmagic:2x_crafting_alchemy_table",
            "a.heading": "Lava Bucket",
            "a.recipe": "bloodmagic:alchemytable/sigil_lava_bucket",
            "b.heading": "Water Bucket",
            "b.recipe": "bloodmagic:alchemytable/sigil_water_bucket"
        },
        {
            "type": "patchouli:text",
            "text": "The $(l:bloodmagic:alchemy_array/sigil/lava)Lava$() и $(l:bloodmagic:alchemy_array/sigil/water)Water Sigils$() не употребляются ни в одном из этих рецептов. Более того, $(item)Water Sigil$() может быть использован вместо $(water)Water Bucket$() в любом рецепте алхимического стола."
        }
    ]
}