{
    "name": "Помазания",
    "icon": "bloodmagic:melee_anointment",
    "category": "bloodmagic:alchemy_table",
    "pages": [
        {
            "type": "patchouli:text",
            "text": "$(item)Anointments$() по сути являются $(item)potions$() для ваших инструментов, оружия и даже вашего $(l:bloodmagic:demon_will/demonic_items/explosive_charges)Charges$() . Нажав [$(k:use)] с помощью $(item)anointment$() в одной руке, он будет применен к предмету в другой руке, если это возможно. Не все помазания работают на всем оборудовании! $(br2)Unlike $(item)potions$() , $(item)anointments$() не имеют временного ограничения; они постепенно стираются по мере использования вашего инструмента или оружия."
        },
        {
            "type": "bloodmagic:crafting_alchemy_table",
            "heading": "Slate-infused Vial",
            "recipe": "bloodmagic:alchemytable/slate_vial",
            "text": "Прочный флакон, в котором можно хранить смеси, которые невозможно удержать иным способом."
        }
    ]
}