{
    "name": "Изготовление зелий",
    "icon": "bloodmagic:alchemy_flask",
    "category": "bloodmagic:alchemy_table",
    "pages": [
        {
            "type": "patchouli:text",
            "text": "Основы $(thing)Potion Crafting$() известны всем и каждому по всей стране. Даже простые клирики и ведьмы твердо владеют основами пивоварения — возьмите горсть полуредких ингредиентов, смешайте их в правильных пропорциях и выпейте результат (зажав нос, если нужно) или бросьте его во врагов."
        },
        {
            "type": "patchouli:text",
            "text": "Добавление $(blood)Life Essence$() и, однако, откровенно гениальная Сангвимансия позволила вам ускорить практику. $(br2)Наполняя обычные $(item)Glass Bottles$() с вашими силами вы можете удерживать гораздо больше, чем один глоток жидкости, и с использованием различных $(item)Catalysts$() вы поняли, как объединить несколько эффектов в одной колбе, не смешивая их и не нейтрализуя друг друга."
        },
        {
            "type": "bloodmagic:crafting_altar",
            "heading": "Alchemy Flask",
            "recipe": "bloodmagic:altar/alchemy_flask",
            "text": "Прочная фляга, которая гораздо вместительнее любой жалкой бутылки!"
        },
        {
            "type": "patchouli:text",
            "text": "Конечно, бутылка, какой бы продвинутой она ни была, бесполезна, если ее не чем наполнить. $(br2)Наряду со всеми обычными, хорошо известными $(thing)Effects$() такой как $(l:bloodmagic:alchemy_table/potion_flasks/vanilla/water_breathing)Water Breathing$() , $(l:bloodmagic:alchemy_table/potion_flasks/vanilla/regeneration)Regeneration$() , или $(l:bloodmagic:alchemy_table/potion_flasks/vanilla/night_vision)Night Vision$() , мы также усовершенствовали множество других, более специализированных рецептов, таких как $(l:bloodmagic:alchemy_table/potion_flasks/blood_magic/flight)Flight$() , $(l:bloodmagic:alchemy_table/potion_flasks/blood_magic/obsidian_cloak)Obsidian Cloak$() , или даже $(l:bloodmagic:alchemy_table/potion_flasks/blood_magic/passive)Passive$() . Эти и многие другие зелья описаны далее в книге."
        },
        {
            "type": "patchouli:crafting",
            "recipe": "bloodmagic:alchemy_flask",
            "text": "После того, как вы использовали любую алхимическую колбу, просто промойте ее и наполните водой, чтобы получить новую свежую колбу, готовую к использованию. $(br2)У колб также есть свой эквивалент $(thing)Splash$() и $(thing)Lingering Potions$() ."
        },
        {
            "type": "bloodmagic:2x_crafting_flask",
            "a.heading": "Splash Alchemy Flask",
            "a.recipe": "bloodmagic:flask/flask_splash",
            "b.heading": "Lingering Alchemy Flask",
            "b.recipe": "bloodmagic:flask/flask_lingering",
            "text": "У фляг также есть свой эквивалент $(thing)Splash$() и $(thing)Lingering Potions$() , как показано на обороте."
        },
        {
            "type": "patchouli:text",
            "text": "Вы, возможно, помните, как я упоминал о возможности создания нескольких $(thing)effects$() в одном $(item)Flask$() . К счастью, этот процесс не может быть проще. Просто сварите зелье и используйте полученную колбу вместо пустой колбы во втором приготовлении. Например, если вы сделали колбу из $(l:bloodmagic:alchemy_table/potion_flasks/blood_magic/bounce)Bounce$() , затем взял эту колбу и использовал ее как ингредиент во колбе $(l:bloodmagic:alchemy_table/potion_flasks/vanilla/night_vision)Night Vision$() , вы получите флакон на 8 доз, который даст вам $(l:bloodmagic:alchemy_table/potion_flasks/blood_magic/bounce)Bounce$() и $(l:bloodmagic:alchemy_table/potion_flasks/vanilla/night_vision)Night Vision$() с каждым глотком!"
        },
        {
            "type": "patchouli:text",
            "text": "Далее у нас есть $(item)Catalysts$() . Существует несколько видов катализаторов с разными эффектами, поэтому давайте начнем с самых простых трех - $(item)Simple Catalyst$() , $(item)Small Power Catalyst$() , и $(item)Small Lengthening Catalyst$() . Из них первый самый простой — он дает основу почти для каждого алхимического зелья, как и $(item)Nether Wart$() подходит для стандартных зелий."
        },
        {
            "type": "bloodmagic:crafting_alchemy_table",
            "heading": "Simple Catalyst",
            "recipe": "bloodmagic:alchemytable/simple_catalyst",
            "text": "Хорошая основа для практически любого эффекта. Запасайтесь, вам понадобится много таких."
        },
        {
            "type": "bloodmagic:crafting_alchemy_table",
            "heading": "Small Power Catalyst",
            "recipe": "bloodmagic:alchemytable/mundane_power",
            "text": "Power Catalysts увеличивают силу самого верхнего эффекта внутри Flask, одновременно уменьшая продолжительность эффекта. Это примерно аналогично $(item)Glowstone$() в более стандартных зельях. Если последний примененный эффект не может принять катализатор, он попытается усилить второй сверху и так далее."
        },
        {
            "type": "bloodmagic:crafting_alchemy_table",
            "heading": "Small Lengthening Catalyst",
            "recipe": "bloodmagic:alchemytable/mundane_lengthening",
            "text": "Удлиняющие катализаторы увеличивают длительность самого верхнего эффекта внутри колбы. Это примерно аналогично $(item)Redstone$() в более стандартных зельях. Если последний примененный эффект не может принять катализатор, он попытается усилить второй сверху и так далее."
        },
        {
            "type": "bloodmagic:crafting_alchemy_table",
            "heading": "Combinational Catalyst",
            "recipe": "bloodmagic:alchemytable/combinational",
            "text": "$(item)Combinational Catalysts$() немного более нишевы - они берут два определенных эффекта и синтезируют третий, связанный эффект из них. Например, Flask с $(l:bloodmagic:alchemy_table/potion_flasks/blood_magic/suspended)Suspended$() и $(l:bloodmagic:alchemy_table/potion_flasks/vanilla/levitation)Levitation$() при варке с этим катализатором получится колба $(l:bloodmagic:alchemy_table/potion_flasks/blood_magic/flight)Flight$() ."
        },
        {
            "type": "bloodmagic:crafting_alchemy_table",
            "heading": "Weak Filling Agent",
            "recipe": "bloodmagic:alchemytable/weak_filling",
            "text": "Наполнители могут быть использованы для обновления содержимого колбы, ценой потери некоторых эффектов - Слабый наполнитель может сохранить только самый верхний эффект на колбе. Если вы хотите сохранить другой эффект, рассмотрите возможность использования $(item)Simple Cycling Catalyst.$()"
        },
        {
            "type": "bloodmagic:crafting_alchemy_table",
            "heading": "Simple Cycling Catalyst",
            "recipe": "bloodmagic:alchemytable/cycling_catalyst",
            "text": "Катализатор Цикла можно использовать для изменения порядка эффектов внутри Колбы и, таким образом, для изменения того, какой эффект изменяется другим Катализатором или Агентом."
        },
        {
            "type": "patchouli:text",
            "title": "Potion Crafting 201",
            "anchor": "average_potions",
            "text": "Если зелий, которые вы создали до сих пор, вам недостаточно, то, возможно, вам нужно провести небольшое исследование? С некоторыми $(item)Glow berries$() , некоторый $(item)Cobbled Deepslate$() и капелька $(l:bloodmagic:dungeons/demonite)Hellforged Sand$() , вы можете значительно увеличить срок службы и мощность ваших колб."
        },
        {
            "type": "bloodmagic:crafting_alchemy_table",
            "heading": "Strengthened Catalyst",
            "recipe": "bloodmagic:alchemytable/strengthened_catalyst",
            "text": "Более мощная основа для более мощных катализаторов."
        },
        {
            "type": "bloodmagic:crafting_alchemy_table",
            "heading": "Standard Lengthening",
            "recipe": "bloodmagic:alchemytable/average_lengthening",
            "text": "Стандартный удлиняющий катализатор увеличит длительность самого верхнего эффекта с 3:00 до 21:20. Умножьте это на 8 доз, которые обеспечивает каждая колба, и это будет чертовски долго!"
        },
        {
            "type": "bloodmagic:crafting_alchemy_table",
            "heading": "Standard Power Catalyst",
            "recipe": "bloodmagic:alchemytable/average_power",
            "text": "Стандартный катализатор силы — это улучшенная версия малого катализатора силы, позволяющая вам получать эффекты зелий до III уровня во фляге, при этом сокращая длительность действия дозы до 45 секунд."
        }
    ]
}