{
    "name": "Путь в Бесконечное Царство",
    "icon": "bloodmagic:ingot_hellforged",
    "category": "bloodmagic:rituals/ritual_list",
    "pages": [
        {
            "type": "multiblock",
            "name": "Бесконечный Мир",
            "multiblock_id": "bloodmagic:standard_dungeon",
            "text": "Используйте $(l:bloodmagic:rituals/ritual_diviner)Ritual Diviner$(/l) для более простого построения."
        },
        {
            "type": "bloodmagic:ritual_info",
            "ritual": "standard_dungeon",
            "text_overrides": [
                [
                    "Demon Realm",
                    "thing"
                ]
            ],
            "text": "Берегитесь, Царство Демонов очень опасно. Приготовьтесь!"
        }
    ]
}