{
    "name": "Ритуал Пернатого Ножа",
    "icon": "bloodmagic:sacrificialdagger",
    "category": "bloodmagic:rituals/ritual_list",
    "pages": [
        {
            "type": "multiblock",
            "name": "Ритуал Пернатого Ножа",
            "multiblock_id": "bloodmagic:feathered_knife",
            "text": "Используйте $(l:bloodmagic:rituals/ritual_diviner#dusk)Ritual Diviner [Dusk]$(/l) для более простого построения."
        },
        {
            "type": "bloodmagic:ritual_info",
            "ritual": "feathered_knife",
            "text_overrides": [
                [
                    "LP",
                    "blood"
                ],
                [
                    "blood altar",
                    "l:bloodmagic:altar/blood_altar"
                ],
                [
                    "Runes of Self Sacrifice",
                    "l:bloodmagic:altar/blood_rune/self_sacrifice_rune"
                ],
                [
                    "Tough Palms",
                    "l:bloodmagic:alchemy_array/living_equipment/armor_upgrades/tough_palms"
                ]
            ]
        },
        {
            "type": "bloodmagic:ritual_data",
            "ritual": "feathered_knife",
            "page_type": "raw",
            "text_overrides": [
                [
                    "Raw Will",
                    "raw"
                ]
            ]
        },
        {
            "type": "bloodmagic:ritual_data",
            "ritual": "feathered_knife",
            "page_type": "corrosive",
            "text_overrides": [
                [
                    "Incense Bonus",
                    "thing"
                ],
                [
                    "Incense Altar",
                    "l:bloodmagic:utility/incense_altar"
                ]
            ]
        },
        {
            "type": "bloodmagic:ritual_data",
            "ritual": "feathered_knife",
            "page_type": "vengeful",
            "text_overrides": [
                [
                    "Steadfast",
                    "steadfast"
                ]
            ]
        },
        {
            "type": "bloodmagic:ritual_data",
            "ritual": "feathered_knife",
            "page_type": "destructive",
            "text_overrides": [
                [
                    "Destructive Will",
                    "destructive"
                ]
            ]
        },
        {
            "type": "bloodmagic:ritual_data",
            "ritual": "feathered_knife",
            "page_type": "steadfast"
        },
        {
            "type": "bloodmagic:ritual_data",
            "ritual": "feathered_knife",
            "page_type": "altar",
            "text_overrides": [
                [
                    "Blood Altar",
                    "l:bloodmagic:altar/blood_altar"
                ]
            ]
        },
        {
            "type": "bloodmagic:ritual_data",
            "ritual": "feathered_knife",
            "page_type": "damage"
        }
    ]
}