{
    "name": "Почитание Кондора",
    "icon": "minecraft:feather",
    "category": "bloodmagic:rituals/ritual_list",
    "pages": [
        {
            "type": "multiblock",
            "name": "Почитание Кондора",
            "multiblock_id": "bloodmagic:condor",
            "text": "Используйте $(l:bloodmagic:rituals/ritual_diviner#dusk)Ritual Diviner [Dusk]$(/l) для более простого построения."
        },
        {
            "type": "bloodmagic:ritual_info",
            "ritual": "condor"
        },
        {
            "type": "bloodmagic:ritual_data",
            "ritual": "condor",
            "page_type": "flightRange"
        }
    ]
}