{
    "name": "Ритуал Магнетизма",
    "icon": "minecraft:iron_ore",
    "category": "bloodmagic:rituals/ritual_list",
    "pages": [
        {
            "type": "multiblock",
            "name": "Ритуал Магнетизма",
            "multiblock_id": "bloodmagic:magnetism",
            "text": "Используйте $(l:bloodmagic:rituals/ritual_diviner)Ritual Diviner$(/l) для более простого построения."
        },
        {
            "type": "bloodmagic:ritual_info",
            "ritual": "magnetism"
        },
        {
            "type": "patchouli:text",
            "text": "По умолчанию $()Ritual of Magnetism$() ищет до коренной породы в радиусе 3 блоков от $(item)Master Ritual Stone$() для сбора руды. Это можно улучшить, поместив дорогой блок прямо под MRS, как показано ниже: $(br)$(li) $(item)Block of Iron$() - 7 блоков. $(li) $(item)Block of Gold$() - 15 блоков. $(li) $(item)Block of Diamond$() - 31 блок."
        },
        {
            "type": "bloodmagic:ritual_data",
            "ritual": "magnetism",
            "page_type": "placementRange",
            "text_overrides": [
                [
                    "ores",
                    "item"
                ]
            ]
        }
    ]
}