{
    "name": "Ритуал Скорости",
    "icon": "minecraft:sugar",
    "category": "bloodmagic:rituals/ritual_list",
    "pages": [
        {
            "type": "patchouli:multiblock",
            "name": "Ритуал Скорости",
            "multiblock_id": "bloodmagic:speed",
            "text": "Используйте $(l:bloodmagic:rituals/ritual_diviner#dusk)Ritual Diviner [Dusk]$(/l) для более простого построения."
        },
        {
            "type": "bloodmagic:ritual_info",
            "ritual": "speed"
        },
        {
            "type": "bloodmagic:ritual_data",
            "ritual": "speed",
            "page_type": "raw",
            "text_overrides": [
                [
                    "Raw Will",
                    "raw"
                ]
            ]
        },
        {
            "type": "bloodmagic:ritual_data",
            "ritual": "speed",
            "page_type": "corrosive"
        },
        {
            "type": "bloodmagic:ritual_data",
            "ritual": "speed",
            "page_type": "vengeful"
        },
        {
            "type": "bloodmagic:ritual_data",
            "ritual": "speed",
            "page_type": "destructive",
            "text_overrides": [
                [
                    "Destructive Will",
                    "destructive"
                ]
            ]
        },
        {
            "type": "bloodmagic:ritual_data",
            "ritual": "speed",
            "page_type": "steadfast"
        },
        {
            "type": "bloodmagic:ritual_data",
            "ritual": "speed",
            "page_type": "sanicRange"
        }
    ]
}