{
    "name": "Ритуал Регенерации",
    "icon": "minecraft:golden_apple",
    "category": "bloodmagic:rituals/ritual_list",
    "pages": [
        {
            "type": "multiblock",
            "name": "Ритуал Регенерации",
            "multiblock_id": "bloodmagic:regeneration",
            "text": "Используйте $(l:bloodmagic:rituals/ritual_diviner#dusk)Ritual Diviner [Dusk]$(/l) для более простого построения."
        },
        {
            "type": "bloodmagic:ritual_info",
            "ritual": "regeneration"
        },
        {
            "type": "bloodmagic:ritual_data",
            "ritual": "regeneration",
            "page_type": "corrosive"
        },
        {
            "type": "bloodmagic:ritual_data",
            "ritual": "regeneration",
            "page_type": "heal"
        },
        {
            "type": "bloodmagic:ritual_data",
            "ritual": "regeneration",
            "page_type": "vampire",
            "text": "Требует $(corrosive)Corrosive Will$() ."
        }
    ]
}