{
    "name": "Домен Наполнителя",
    "icon": "minecraft:dispenser",
    "category": "bloodmagic:rituals/ritual_list",
    "pages": [
        {
            "type": "patchouli:multiblock",
            "name": "Домен Наполнителя",
            "multiblock_id": "bloodmagic:placer",
            "text": "Используйте $(l:bloodmagic:rituals/ritual_diviner)Ritual Diviner$(/l) для более простого построения."
        },
        {
            "type": "bloodmagic:ritual_info",
            "ritual": "placer"
        },
        {
            "type": "bloodmagic:ritual_data",
            "ritual": "placer",
            "page_type": "placerRange"
        },
        {
            "type": "bloodmagic:ritual_data",
            "ritual": "placer",
            "page_type": "chest"
        }
    ]
}