{
    "name": "Край Скрытого Царства",
    "icon": "bloodmagic:simplekey",
    "category": "bloodmagic:rituals/ritual_list",
    "pages": [
        {
            "type": "multiblock",
            "name": "Край Скрытого Царства",
            "multiblock_id": "bloodmagic:simple_dungeon",
            "text": "Используйте $(l:bloodmagic:rituals/ritual_diviner)Ritual Diviner$(/l) для более простого построения."
        },
        {
            "type": "bloodmagic:ritual_info",
            "ritual": "simple_dungeon",
            "text_overrides": [
                [
                    "Demon Realm",
                    "thing"
                ]
            ]
        }
    ]
}