{
    "name": "Бремя грешника",
    "icon": "minecraft:dirt",
    "category": "bloodmagic:rituals/ritual_list",
    "pages": [
        {
            "type": "multiblock",
            "name": "Бремя грешника",
            "multiblock_id": "bloodmagic:grounding",
            "text": "Используйте $(l:bloodmagic:rituals/ritual_diviner)Ritual Diviner$(/l) для более простого построения."
        },
        {
            "type": "bloodmagic:ritual_info",
            "ritual": "grounding"
        },
        {
            "type": "bloodmagic:ritual_data",
            "ritual": "grounding",
            "page_type": "raw"
        },
        {
            "type": "bloodmagic:ritual_data",
            "ritual": "grounding",
            "page_type": "corrosive",
            "text": "Ведет себя аналогично $(l:bloodmagic:alchemy_table/potion_flasks/blood_magic/suspended)Suspended$() эффект."
        },
        {
            "type": "bloodmagic:ritual_data",
            "ritual": "grounding",
            "page_type": "vengeful",
            "text_overrides": [
                [
                    "Levitation",
                    "l:bloodmagic:alchemy_table/potion_flasks/vanilla/levitation"
                ]
            ]
        },
        {
            "type": "bloodmagic:ritual_data",
            "ritual": "grounding",
            "page_type": "destructive",
            "text_overrides": [
                [
                    "Heavy Heart",
                    "l:bloodmagic:alchemy_table/potion_flasks/blood_magic/heavy_heart"
                ]
            ]
        },
        {
            "type": "bloodmagic:ritual_data",
            "ritual": "grounding",
            "page_type": "steadfast"
        },
        {
            "type": "bloodmagic:ritual_data",
            "ritual": "grounding",
            "page_type": "groundingRange"
        }
    ]
}