{
    "name": "Крушение «Тимбермена»",
    "icon": "minecraft:oak_sapling",
    "category": "bloodmagic:rituals/ritual_list",
    "pages": [
        {
            "type": "multiblock",
            "name": "Крушение «Тимбермена»",
            "multiblock_id": "bloodmagic:felling",
            "text": "Используйте $(l:bloodmagic:rituals/ritual_diviner)Ritual Diviner$(/l) для более простого построения."
        },
        {
            "type": "bloodmagic:ritual_info",
            "ritual": "felling"
        },
        {
            "type": "bloodmagic:ritual_data",
            "ritual": "felling",
            "page_type": "fellingRange"
        },
        {
            "type": "bloodmagic:ritual_data",
            "ritual": "felling",
            "page_type": "chest"
        }
    ]
}