{
    "name": "Ритм бьющейся наковальни",
    "icon": "minecraft:crafting_table",
    "category": "bloodmagic:rituals/ritual_list",
    "pages": [
        {
            "type": "multiblock",
            "name": "Ритм бьющейся наковальни",
            "multiblock_id": "bloodmagic:crafting",
            "text": "Используйте $(l:bloodmagic:rituals/ritual_diviner#dusk)Ritual Diviner [Dusk]$(/l) для более простого построения."
        },
        {
            "type": "bloodmagic:ritual_info",
            "ritual": "crafting",
            "text_overrides": [
                [
                    "Item Filter",
                    "l:bloodmagic:demon_will/item_routing/standard_item_filter"
                ]
            ]
        },
        {
            "type": "patchouli:text",
            "text": "The $(thing)Rythm of the Beating Anvil$() мощный и универсальный ритуал, позволяющий вам автоматически создавать стандартные рецепты крафта наряду с рецептами, использующими ваш $(l:bloodmagic:alchemy_table/alchemy_table)Alchemy Table$() или $(l:bloodmagic:demon_will/will_manipulation/soul_forge)Hellfire Forge$() (Если правильно дополнено). Однако это может быть немного сложно, поэтому ниже приведено руководство по его настройке. $(br2)Каждый ритуал может обрабатывать только один рецепт."
        },
        {
            "type": "patchouli:text",
            "text": "Во-первых, нам нужно указать рецепт, который мы хотим создать в ритуале. Это делается с помощью фильтра предметов. $(br2)Можно использовать несколько типов фильтров предметов, однако ритуал будет принимать только один фильтр за раз; любые дополнительные фильтры будут игнорироваться."
        },
        {
            "type": "patchouli:text",
            "text": "Принимаются следующие фильтры: $(li)Стандартный фильтр элементов: указывает, какой именно элемент использовать в каждом слоте. $(li)Фильтр элементов тегов: Использует $(thing)Tags$() чтобы указать, какие предметы использовать. Например, если рецепт требует какой-либо вид камня (но будет работать с андезитом, гранитом и т. д.), вы можете использовать forge:stone в фильтре. $(li)Mod Item Filter: это попытается использовать любой предмет из мода в этом слоте."
        },
        {
            "type": "patchouli:image",
            "images": [
                "bloodmagic:images/entries/ritual/autocraft/filter_pickaxe.png"
            ],
            "title": "Sample Filter",
            "border": true,
            "text": "Стандартный фильтр предметов, настроенный на автоматическое создание $(item)Stone Pickaxes$() ."
        },
        {
            "type": "patchouli:text",
            "text": "Далее, Фильтр предметов должен быть размещен на ритуале. На этом изображении мы использовали $(item)Item Frame$() , однако вместо этого можно использовать сундук. Обратите внимание, что если вы поместите несколько $(item)filters$() в сундуке будет использоваться только первый. $(br2)По умолчанию входной сундук и выходной сундук находятся в одном и том же месте; однако это можно изменить с помощью $(l:bloodmagic/rituals/ritual_tinkerer)Ritual Tinkerer.$() Это может быть полезно для рецептов, в которых повторно используются некоторые компоненты, например, ваши $(l:bloodmagic:altar/soul_network)Blood Orb.$()"
        },
        {
            "type": "patchouli:image",
            "images": [
                "bloodmagic:images/entries/ritual/autocraft/default_placement.png",
                "bloodmagic:images/entries/ritual/autocraft/optional_placement.png"
            ],
            "title": "The Placed Filter",
            "border": true,
            "text": "Фильтр и сундук в обычных местах, а также $(l:bloodmagic/rituals/ritual_tinkerer)Tinkered$() ритуал с входящими и исходящими сундуками"
        },
        {
            "type": "patchouli:text",
            "text": "Если вы снабдите ритуал $(steadfast)Steadfast$() или $(corrosive)Corrosive$() Будет ли, тогда ритуал вместо этого попытается автоматически создать с помощью связанного $(l:bloodmagic:demon_will/will_manipulation/soul_forge)Hellfire Forge$() или $(l:bloodmagic:alchemy_table/alchemy_table)Alchemy Table$() , соответственно. Все эти рецепты бесформенные, но если вам нужно 2 экземпляра одного предмета, вам придется указать его дважды в фильтре."
        },
        {
            "type": "patchouli:image",
            "images": [
                "bloodmagic:images/entries/ritual/autocraft/catalyst_recipe.png"
            ],
            "title": "Alchemy Filter",
            "border": true,
            "text": "Фильтр, настроенный для создания $(l:bloodmagic:alchemy_table/potions)Simple Catalysts$() ."
        },
        {
            "type": "bloodmagic:ritual_data",
            "ritual": "crafting",
            "page_type": "recipeRange",
            "text_overrides": [
                [
                    "Item Filter",
                    "l:bloodmagic:demon_will/item_routing/standard_item_filter"
                ]
            ],
            "text": "Поддерживает $(l:bloodmagic:demon_will/item_routing/standard_item_filter)Standard$() , $(l:bloodmagic:demon_will/item_routing/tag_item_filter)Tag$() , и $(l:bloodmagic:demon_will/item_routing/mod_item_filter)Mod Item Filters$() ."
        },
        {
            "type": "bloodmagic:ritual_data",
            "ritual": "crafting",
            "page_type": "inputRange"
        },
        {
            "type": "bloodmagic:ritual_data",
            "ritual": "crafting",
            "page_type": "outputRange"
        },
        {
            "type": "bloodmagic:ritual_data",
            "ritual": "crafting",
            "page_type": "outputFilterRange",
            "text_overrides": [
                [
                    "filter",
                    "l:bloodmagic:demon_will/item_routing/standard_item_filter"
                ]
            ],
            "text": "Поддерживает $(l:bloodmagic:demon_will/item_routing/standard_item_filter)Standard$() , $(l:bloodmagic:demon_will/item_routing/tag_item_filter)Tag$() , и $(l:bloodmagic:demon_will/item_routing/mod_item_filter)Mod Item Filters$() ."
        },
        {
            "type": "bloodmagic:ritual_data",
            "ritual": "crafting",
            "page_type": "hellforgedRange"
        },
        {
            "type": "bloodmagic:ritual_data",
            "ritual": "crafting",
            "page_type": "steadfast"
        },
        {
            "type": "bloodmagic:ritual_data",
            "ritual": "crafting",
            "page_type": "corrosive"
        }
    ]
}