{
    "name": "Источник Страданий",
    "icon": "bloodmagic:life_essence_bucket",
    "category": "bloodmagic:rituals/ritual_list",
    "pages": [
        {
            "type": "multiblock",
            "name": "Колодец Страданий",
            "multiblock_id": "bloodmagic:well_of_suffering",
            "text": "Используйте $(l:bloodmagic:rituals/ritual_diviner#dusk)Ritual Diviner [Dusk]$(/l) для более простого построения."
        },
        {
            "type": "bloodmagic:ritual_info",
            "ritual": "well_of_suffering",
            "text_overrides": [
                [
                    "LP",
                    "blood"
                ],
                [
                    "blood altar",
                    "l:bloodmagic:altar/blood_altar"
                ]
            ]
        },
        {
            "type": "patchouli:text",
            "text": "Этот ритуал атакует мобов в зоне поражения и помещает собранное $(blood)Blood$() в близлежащий $(l:bloodmagic:altar/blood_altar)Blood Altar$() . Поставьте $(l:bloodmagic:altar/soul_network)Blood Orb$() в Алтаре, может быть, добавить несколько $(l:bloodmagic:altar/blood_rune/sacrifice_rune)Runes of Sacrifice$() на всякий случай, и вам больше никогда не придется беспокоиться о поставках LP... Если только вы сможете поставлять достаточное количество мобов."
        },
        {
            "type": "bloodmagic:ritual_data",
            "ritual": "well_of_suffering",
            "page_type": "altar",
            "text": "Ритуал может быть связан только с одним алтарем одновременно.",
            "text_overrides": [
                [
                    "Blood Altar",
                    "l:bloodmagic:altar/blood_altar"
                ],
                [
                    " Blood",
                    "blood"
                ]
            ]
        },
        {
            "type": "bloodmagic:ritual_data",
            "ritual": "well_of_suffering",
            "page_type": "damage",
            "text": "Из мобов по-прежнему будут выпадать предметы, не являющиеся предметами убийства игроков."
        }
    ]
}