{
    "name": "Ритуал Полной Весны",
    "icon": "minecraft:water_bucket",
    "category": "bloodmagic:rituals/ritual_list",
    "pages": [
        {
            "type": "multiblock",
            "name": "Ритуал Полной Весны",
            "multiblock_id": "bloodmagic:water",
            "text": "Используйте $(l:bloodmagic:rituals/ritual_diviner)Ritual Diviner$(/l) для более простого построения."
        },
        {
            "type": "bloodmagic:ritual_info",
            "ritual": "water",
            "text_overrides": [
                [
                    "Master Ritual Stone",
                    "l:bloodmagic:rituals/ritual_stones"
                ]
            ]
        },
        {
            "type": "bloodmagic:ritual_data",
            "ritual": "water",
            "page_type": "waterRange"
        }
    ]
}