{
    "name": "Резонанс граненого кристалла",
    "icon": "bloodmagic:vengefulcrystal",
    "category": "bloodmagic:rituals/ritual_list",
    "pages": [
        {
            "type": "multiblock",
            "name": "Резонанс граненого кристалла",
            "multiblock_id": "bloodmagic:crystal_split",
            "text": "Используйте $(l:bloodmagic:rituals/ritual_diviner#dusk)Ritual Diviner [Dusk]$(/l) для более простого построения."
        },
        {
            "type": "bloodmagic:ritual_info",
            "ritual": "crystal_split",
            "text_overrides": [
                [
                    "Raw crystal cluster",
                    "l:bloodmagic:demon_will/will_manipulation/crystallized_will"
                ],
                [
                    "aspected crystal clusters",
                    "l:bloodmagic:demon_will/will_manipulation/aspected_will"
                ]
            ]
        },
        {
            "type": "patchouli:text",
            "text": "Для этого ритуала требуется хорошо выращенный (не менее 5 шпилей) $(l:bloodmagic:demon_will/will_manipulation/crystallized_will)Необработанный Кристаллический Кластер$(/l), расположенный на 2 блока выше $(item)Master Ritual Stone$() , и разделяет его на новые отдельные шпили каждого $(l:bloodmagic:demon_will/will_manipulation/aspected_will)Аспектированного Воли$(/l) Кристаллического Кластера, расположенного прямо над 4 стихийными Ритуальными Камнями. Это расстояние предназначено для размещения $(item)Demon Crystallizer$() на вершине $(item)Master Ritual Stone$() .$(br2)Информацию о выращивании Кристаллов Демонической Воли см. в разделе $(l:bloodmagic:demon_will/will_manipulation/crystallized_will)Кристаллизованная Воля$(/l)."
        },
        {
            "type": "patchouli:image",
            "title": "Ritual Setup",
            "images": [
                "bloodmagic:images/entries/demon_will/will_splitting.png"
            ],
            "border": true,
            "text": "Рекомендуемая настройка для ритуала «Резонанс Граненого Кристалла»."
        }
    ]
}