{
    "name": "Знак падающей башни",
    "icon": "minecraft:fire_charge",
    "category": "bloodmagic:rituals/ritual_list",
    "pages": [
        {
            "type": "multiblock",
            "name": "Знак падающей башни",
            "multiblock_id": "bloodmagic:meteor",
            "text": "Используйте $(l:bloodmagic:rituals/ritual_diviner#dusk)Ritual Diviner [Dusk]$(/l) для более простого построения."
        },
        {
            "type": "bloodmagic:ritual_info",
            "ritual": "meteor"
        },
        {
            "type": "patchouli:text",
            "text": "Используя огромные силы, имеющиеся в вашем распоряжении, можно сделать вывод, что это хорошая идея — вызвать метеор из космоса, чтобы он обрушился на мир.$(br2)Бросив соответствующее подношение на вершину MRS, ритуал поглотит предмет (плюс большое количество LP, по умолчанию миллион LP) и вызовет метеор на высоте сборки карты. Как только метеор ударится о что-то, он взорвется и оставит после себя много ресурсов для добычи и обработки."
        },
        {
            "type": "patchouli:text",
            "text": "Размер и полученные ресурсы варьируются в зависимости от предоставленного предложения. Обычные предложения включают: $(item)Diamond$() , $(item)Block of Iron$() , $(item)Glowstone Dust$() , и $(item)Stone$() .$(br2)Модифицированные предметы включают: Лед и Пламя $(item)Dragon Bones$() , АЕ2 $(item)Certus Quartz$() , Создавать $(item)Andesite Alloy$() , IE $(item)Copper Wire Coil$() , Мистическое сельское хозяйство $(item)Prosperity Shard$() , Термальный $(item)RF Coil$() , и Меканизм $(item)Advanced Alloy$() ."
        }
    ]
}