{
    "name": "Фокус эллипсоида",
    "icon": "minecraft:bucket",
    "category": "bloodmagic:rituals/ritual_list",
    "pages": [
        {
            "type": "multiblock",
            "name": "Фокус эллипсоида",
            "multiblock_id": "bloodmagic:ellipsoid",
            "text": "Используйте $(l:bloodmagic:rituals/ritual_diviner#dusk)Ritual Diviner [Dusk]$(/l) для более простого построения."
        },
        {
            "type": "bloodmagic:ritual_info",
            "ritual": "ellipsoid"
        },
        {
            "type": "patchouli:text",
            "text": "Этот ритуал носит чисто эстетический характер и предназначен для начинающего, но ленивого строителя, который живет в каждом из нас. Он особенно хорош для создания сложных форм, таких как могучий золотой купол над вашим логовом зла. ...У вас ведь есть один такой, верно?"
        },
        {
            "type": "bloodmagic:ritual_data",
            "ritual": "ellipsoid",
            "page_type": "chest"
        },
        {
            "type": "bloodmagic:ritual_data",
            "ritual": "ellipsoid",
            "page_type": "spheroidRange"
        }
    ]
}