{
    "name": "Покаяние свинцовой души",
    "icon": "bloodmagic:upgradescraps",
    "category": "bloodmagic:rituals/ritual_list",
    "extra_recipe_mappings": {
        "bloodmagic:upgradescraps": 5
    },
    "pages": [
        {
            "type": "multiblock",
            "name": "Покаяние свинцовой души",
            "multiblock_id": "bloodmagic:downgrade",
            "text": "Используйте $(l:bloodmagic:rituals/ritual_diviner#dusk)Ritual Diviner [Dusk]$(/l) для более простого построения."
        },
        {
            "type": "bloodmagic:ritual_info",
            "ritual": "downgrade"
        },
        {
            "type": "patchouli:text",
            "anchor": "downgrades",
            "text": "Этот ритуал поглощает избыток $(thing)Upgrade Points$() (в виде $(item)Tomes$() , $(item)Scraps$() , и $(item)Synthetic Upgrade Points$() ) для того, чтобы применить понижение к вашему $(l:bloodmagic:alchemy_array/living_equipment/living_basics)Living Armour$() . Эти понижения резко ограничат ваши возможности, но предоставят вам массу дополнительных $(thing)Upgrade Points$() экспериментировать, что позволит вам получить гораздо большую специализацию, чем было доступно ранее."
        },
        {
            "type": "patchouli:crafting",
            "recipe": "bloodmagic:synthetic_point",
            "text": "Если у вас недостаточно доступных очков, вы можете создать Synthetic Upgrade Points. Каждый из них стоит одно Upgrade Point."
        },
        {
            "type": "patchouli:text",
            "text": "Чтобы использовать ритуал, просто поместите свои тома (или другие источники очков улучшения) и требуемые предметы для конкретного понижения, которое вы задумали, в прикрепленный сундук (см. предыдущую страницу), надев при этом свой Living Armour. Ритуал потратит очки и применит понижение к вашей броне. Порядок потребления следующий: $(item)Living Armour Upgrade Scraps$() , затем $(item)Living Armour Upgrade Tomes$() , и наконец $(item)Synthetic Upgrade Points$() ."
        },
        {
            "type": "patchouli:spotlight",
            "item": "bloodmagic:upgradescraps",
            "title": "LA Upgrade Scraps",
            "text": "Излишки баллов будут возвращены в виде $(item)Living Armour Upgrade Scraps$() ."
        },
        {
            "type": "patchouli:text",
            "text": "Понижения, применяемые к вашей броне, зависят от того, какой предмет(ы) вы поместили в сундук. Каждый предмет, соответствующий определенному понижению, увеличит уровень желаемого понижения на один. Таким образом, несколько понижений могут быть применены одновременно с помощью одной активации ритуала."
        },
        {
            "type": "patchouli:text",
            "text": "Ритуал будет учитывать все настройки, которые вы установили на своем компьютере. $(l:bloodmagic:alchemy_array/living_equipment/training_bracelet)Living Armour Training Bracelet$() , поэтому если у вас установлено значение «не разрешать другие обновления», то ритуал не сможет применить к вам понижения. Если вы сомневаетесь, уберите свой тренировочный браслет!"
        }
    ]
}