{
    "name": "Ритуал насыщенного желудка",
    "icon": "minecraft:cake",
    "category": "bloodmagic:rituals/ritual_list",
    "pages": [
        {
            "type": "multiblock",
            "name": "Ритуал насыщенного желудка",
            "multiblock_id": "bloodmagic:full_stomach",
            "text": "Используйте $(l:bloodmagic:rituals/ritual_diviner)Ritual Diviner$(/l) для более простого построения."
        },
        {
            "type": "bloodmagic:ritual_info",
            "ritual": "full_stomach"
        },
        {
            "type": "bloodmagic:ritual_data",
            "ritual": "full_stomach",
            "page_type": "fillRange"
        },
        {
            "type": "bloodmagic:ritual_data",
            "ritual": "full_stomach",
            "page_type": "chest"
        }
    ]
}