{
    "name": "Ритуал Живой Эволюции",
    "icon": "bloodmagic:livingplate",
    "category": "bloodmagic:rituals/ritual_list",
    "pages": [
        {
            "type": "multiblock",
            "name": "Ритуал Живой Эволюции",
            "multiblock_id": "bloodmagic:armour_evolve",
            "text": "Используйте $(l:bloodmagic:rituals/ritual_diviner#dusk)Ritual Diviner [Dusk]$(/l) для более простого построения."
        },
        {
            "type": "bloodmagic:ritual_info",
            "ritual": "armour_evolve",
            "text_overrides": [
                [
                    "Living Armor",
                    "l:bloodmagic:alchemy_array/living_equipment/living_basics"
                ]
            ],
            "text": "Встаньте на $(l:bloodmagic:rituals/ritual_stones)Master Ritual Stone$() во время ношения $(l:bloodmagic:alchemy_array/living_equipment/living_basics)Living Armor$() использовать это $(thing)ritual$() ."
        }
    ]
}