{
    "name": "Рассвет Новой Луны",
    "icon": "minecraft:ender_pearl",
    "category": "bloodmagic:rituals/ritual_list",
    "pages": [
        {
            "type": "patchouli:multiblock",
            "name": "Рассвет Новой Луны",
            "multiblock_id": "bloodmagic:sphere",
            "text": "Используйте $(l:bloodmagic:rituals/ritual_diviner#dusk)Ritual Diviner [Dusk]$(/l) для более простого построения."
        },
        {
            "type": "bloodmagic:ritual_info",
            "ritual": "sphere",
            "text_overrides": [
                [
                    "LP",
                    "blood"
                ]
            ]
        },
        {
            "type": "bloodmagic:ritual_data",
            "ritual": "sphere",
            "page_type": "spheroidRange"
        },
        {
            "type": "patchouli:image",
            "images": [
                "bloodmagic:images/entries/ritual/sphere_above.png",
                "bloodmagic:images/entries/ritual/sphere_below.png"
            ],
            "title": "Default Size",
            "border": true,
            "text": "Результат использования ритуала с настройками по умолчанию."
        }
    ]
}