{
    "name": "Демонит",
    "icon": "bloodmagic:dungeon_ore",
    "category": "bloodmagic:dungeons",
    "extra_recipe_mappings": {
        "bloodmagic:dungeon_ore": 0,
        "bloodmagic:rawdemonite": 0
    },
    "pages": [
        {
            "type": "patchouli:text",
            "text": "$(item)Demonite Ore$() можно найти только в пределах $(thing)Dungeons$() , в частности в $(thing)The Mines$() , доступ к которому осуществляется путем поиска $(item)Foreman's Key$() где-то внутри лабиринтообразной структуры и используя ее, чтобы разблокировать $(thing)Spatial Distortion$() . Его можно использовать для изготовления $(item)Hellforged Ingots$() или $(item)Hellforged Sand$() . $(br2)При добыче с помощью Silk Touch руду можно собирать напрямую, но в противном случае из нее будут выпадать комки $(item)Raw Demonite$() ."
        },
        {
            "type": "patchouli:smelting",
            "heading": "Hellforged Ingot",
            "recipe": "bloodmagic:smelting/ingot_from_demonite",
            "recipe2": "bloodmagic:smelting/ingot_from_raw_hellforged",
            "recipe3": "bloodmagic:smelting/ingot_hellforged"
        },
        {
            "type": "patchouli:smelting",
            "heading": "Hellforged Ingot",
            "recipe": "bloodmagic:smelting/ingot_hellforged"
        },
        {
            "type": "bloodmagic:3x_crafting_arc",
            "a.heading": "Hellforged Sand",
            "a.recipe": "bloodmagic:arc/dustsfrom_gravel_hellforged",
            "b.recipe": "bloodmagic:arc/dustsfrom_ore_hellforged",
            "c.recipe": "bloodmagic:arc/dustsfrom_raw_hellforged"
        },
        {
            "type": "bloodmagic:2x_crafting_arc",
            "a.heading": "Demonite Processing",
            "a.recipe": "bloodmagic:arc/fragmentshellforged",
            "b.recipe": "bloodmagic:arc/gravelshellforged"
        },
        {
            "type": "patchouli:crafting",
            "heading": "Hellforged Block",
            "recipe": "bloodmagic:hellforged_block"
        }
    ]
}