{
    "name": "Бесконечное Царство",
    "icon": "bloodmagic:special_dungeon_seal",
    "category": "bloodmagic:dungeons",
    "extra_recipe_mappings": {
        "bloodmagic:special_dungeon_seal": 0,
        "bloodmagic:hellforgedparts": 3
    },
    "pages": [
        {
            "type": "patchouli:text",
            "text": "Как и его младший брат, $(l:bloodmagic:rituals/ritual_list/ritual_simple_dungeon)Edge of the Hidden Realm$() ритуал, вы можете получить доступ к $(thing)Demon Realm$() правильно с $(l:bloodmagic:rituals/ritual_list/ritual_standard_dungeon)Pathway to the Endless Realm$() . вы снова обнаружите, что смотрите на $(thing)Inversion Pillar$() . Как и в случае с $(thing)Antechamber$() , вы найдете простой сундук с добычей, оставленный беспечным демоном (или, возможно, менее удачливым сангвимантом), и несколько дверных проемов, рядом с"
        },
        {
            "type": "patchouli:text",
            "text": "еще один Столп Инверсии, чтобы вернуть вас домой. $(br2)Эти комнаты подземелий будут заполнены более грозными врагами, чем те, что вы нашли в вестибюле, и будут иметь соответствующую добычу. Обязательно держите глаза открытыми для любого $(thing)Spatial Distortions$() , а также редкие $(l:bloodmagic:dungeons/keys)keys$() такие как $(item)Foreman's Key$() ."
        },
        {
            "type": "patchouli:text",
            "text": "Ключ мастера позволит войти в $(thing)The Mines$() , что является еще одним шагом вперед как по сложности, так и по наградам. Наряду с $(l:bloodmagic:dungeons/demonite)Demonite Ore$() , что необходимо для высокого уровня $(l:bloodmagic:alchemy_table/potions)potioncrafting$() и $(l:bloodmagic:altar/blood_altar)the Tier-5 Blood Altar$() и его сопровождающие $(l:bloodmagic:altar/soul_network)Orb$() , вы найдете множество более обыденной добычи, зачарованного оружия и инструментов, мазей, зелий и многого другого."
        },
        {
            "type": "patchouli:spotlight",
            "item": "bloodmagic:hellforgedparts",
            "title": "Intricate Hellforged Parts",
            "text": "Исследуйте достаточно, и вам может повезти найти $(item)Intricate Hellforged Parts$() , который можно использовать для удвоения мощности вашего существующего $(item)Runes$() . Это как иметь двух $(blood)Blood Altars$() в одном!"
        }
    ]
}