{
    "name": "Ключи от подземелий",
    "icon": "bloodmagic:simplekey",
    "category": "bloodmagic:dungeons",
    "extra_recipe_mappings": {
        "bloodmagic:mineentrancekey": 2
    },
    "pages": [
        {
            "type": "patchouli:text",
            "text": "$(item)Keys$() являются первоначальным способом навигации $(thing)Dungeons$() . Их можно найти в сундуках подземелий в $(thing)Demon Realm$() , или их можно изготовить. Самый простой вид — это $(item)Iron Keys$() , которые появляются внутри $(thing)The Antechamber$() а также в пределах ближайших уровней $(thing)Demon Realm$() правильный."
        },
        {
            "type": "patchouli:text",
            "text": "В конце концов, вы можете столкнуться с $(thing)Spatial Distortion$() при поиске в Подземелье. Их можно открыть только с помощью особых, редких ключей, которые нельзя создать, и которые нужно найти где-то в Царстве Демонов. Пространственные искажения формируются только в Царстве Демонов, и вы никогда не найдете их в Предкамере."
        },
        {
            "type": "patchouli:spotlight",
            "item": "bloodmagic:mineentrancekey",
            "title": "The Mines",
            "text": "Вход в $(thing)The Mines$() можно открыть только с помощью $(thing)Foreman's Key$() , в то время как все остальные двери можно открыть с помощью $(thing)Miner's Keys$() . Шахты предоставят вам доступ к $(l:bloodmagic:dungeons/demonite)Demonite ore$() а также более редкая добыча, но и сложности тоже."
        },
        {
            "type": "bloodmagic:crafting_soulforge",
            "heading": "Iron Key",
            "recipe": "bloodmagic:soulforge/simple_key",
            "text": "$(italic)If it's so simple, why can't we just pick the lock?$()"
        },
        {
            "type": "bloodmagic:crafting_soulforge",
            "heading": "Miner's Key",
            "recipe": "bloodmagic:soulforge/mine_key",
            "text": "$(italic)It's off to work we go..!$()"
        }
    ]
}