{
    "name": "Прихожая",
    "icon": "bloodmagic:dungeon_seal",
    "category": "bloodmagic:dungeons",
    "extra_recipe_mappings": {
        "bloodmagic:inversion_pillar": 0,
        "bloodmagic:dungeon_seal": 0,
        "bloodmagic:dungeon_controller": 0,
        "bloodmagic:inversion_pillar_cap": 0,
        "bloodmagic:dungeon_brick3": 1,
        "bloodmagic:dungeon_brick2": 1,
        "bloodmagic:dungeon_brick1": 1,
        "bloodmagic:dungeon_brick_assorted": 1,
        "bloodmagic:dungeon_stone": 1,
        "bloodmagic:dungeon_eye": 1,
        "bloodmagic:dungeon_polished": 1,
        "bloodmagic:dungeon_tile": 1,
        "bloodmagic:dungeon_tilespecial": 1,
        "bloodmagic:dungeon_smallbrick": 1,
        "bloodmagic:dungeon_brick_stairs": 1,
        "bloodmagic:dungeon_polished_stairs": 1,
        "bloodmagic:dungeon_pillar_center": 1,
        "bloodmagic:dungeon_pillar_special": 1,
        "bloodmagic:dungeon_pillar_cap": 1,
        "bloodmagic:dungeon_brick_wall": 1,
        "bloodmagic:dungeon_polished_wall": 1,
        "bloodmagic:dungeon_brick_gate": 1,
        "bloodmagic:dungeon_polished_gate": 1,
        "bloodmagic:dungeon_brick_slab": 1,
        "bloodmagic:dungeon_tile_slab": 1,
        "bloodmagic:dungeon_regular_cracked_brick1": 1,
        "bloodmagic:dungeon_cracked_brick1": 1,
        "bloodmagic:dungeon_emitter": 1,
        "bloodmagic:dungeon_alternator": 1,
        "bloodmagic:spikes": 1,
        "bloodmagic:dungeon_spike_trap": 1
    },
    "pages": [
        {
            "type": "patchouli:text",
            "text": "После выполнения $(l:bloodmagic:rituals/ritual_list/ritual_simple_dungeon)Edge of the Hidden Realm$() ритуал, вы обнаружите, что смотрите на $(thing)Inversion Pillar$() Щелкните правой кнопкой мыши по этой колонне, чтобы переместиться в Прихожую, ваш первый набег в $(thing)Demon Realm.$() $(br)В этой первой комнате есть несколько примечательных вещей: $(li)Один сундук с сокровищами, содержащий некоторую простую добычу и, если вам повезет, несколько $(l:bloodmagic:dungeons/keys)Iron Keys$() ."
        },
        {
            "type": "patchouli:text",
            "text": "$(li)Во-вторых, ряд $(thing)Doorways$() , каждый из которых заперт на замок $(thing)Dungeon Seal.$() Используйте $(item)Key$() на этих печатях, чтобы открыть следующую комнату. $(li)В-третьих, $(item)Inversion Pillar$() , зеркало того, кого вы призвали ранее. [$(k:use)] это для возвращения в ваш мир. $(br2)Здесь также есть большое количество декоративных блоков, если вы чувствуете, что вашей домашней базе не хватает шика."
        },
        {
            "type": "patchouli:text",
            "text": "Любые дополнительные комнаты, которые вы откроете из этого вестибюля, будут содержать некоторую комбинацию добычи, монстров, ловушек и, возможно, некоторых неактивированных ритуалов. Держите глаза открытыми! $(br2)Несколько примеров добычи, которую вы можете найти: $(li)Зачарованные книги $(li)Зачарованное оружие и доспехи $(li) $(l:bloodmagic:alchemy_table/anointments)Various Anointments$() $(ли) $(l:bloodmagic:demon_will/will_manipulation/demon_will)Demon Will$() $(li)Ингредиенты зелья"
        },
        {
            "type": "patchouli:text",
            "text": "$(li)Фрукт Тау $(li)Насыщенный Тау $(li)Масло Тау$(br2)Так что отправляйтесь на охоту и будьте начеку в поисках сокровищ и ловушек!"
        }
    ]
}