{
    "name": "Фрукт Тау",
    "icon": "bloodmagic:weak_tau",
    "category": "bloodmagic:dungeons",
    "extra_recipe_mappings": {
        "bloodmagic:weak_tau": 0
    },
    "pages": [
        {
            "type": "patchouli:text",
            "text": "Фрукты Тау можно найти в $(l:bloodmagic:dungeons/lobby)Simple Dungeons$() , после чего его можно выращивать. Будучи коренным жителем $(thing)Demon Realm$() , его жизненный цикл, к сожалению, немного сложнее, чем у скромного $(item)Potato$() . $(br2)Фрукт Тау созревает в один из двух сортов, в зависимости от условий, в которых он был выращен. По умолчанию он вырастет в $(item)Tau Fruit$() , который можно преобразовать в $(item)Tau Oil$() ."
        },
        {
            "type": "bloodmagic:crafting_alchemy_table",
            "heading": "Tau Oil",
            "recipe": "bloodmagic:alchemytable/tau_oil",
            "text": "$(italic)Tastes like a Blood Orange, except different.$()"
        },
        {
            "type": "patchouli:text",
            "text": "В настоящее время масло Тау имеет два основных применения. Оно может продлить срок действия любого $(l:bloodmagic:alchemy_table/anointments)anointment$() в четыре раза, или его можно использовать для создания $(item)Intermediate Cutting Fluid$() , который функционирует аналогично $(l:bloodmagic:utility/alchemical_reaction_chamber#basic_cutting_fluid)Basic Cutting Fluid$() , но служит в восемь раз дольше и обеспечивает прирост скорости на 25%."
        },
        {
            "type": "patchouli:spotlight",
            "item": "bloodmagic:strong_tau",
            "link_recipe": "true",
            "text": "Однако, $(item)Tau Fuit$() имеет альтернативный, более сложный путь роста. Если растение созревает, пока $(thing)Mob$() (корова, например) стоит на нем, он будет высасывать здоровье из сущности, чтобы насытить ее темный голод. Таким образом, $(item)Saturated Tau$() можно выращивать."
        }
    ]
}