{
    "name": "Кровавый Алтарь",
    "icon": "bloodmagic:altar",
    "category": "bloodmagic:altar",
    "priority": "true",
    "extra_recipe_mappings": {
        "bloodmagic:daggerofsacrifice": 13
    },
    "pages": [
        {
            "type": "patchouli:text",
            "text": "The $(item)Blood Altar$() является центральным блоком мода, способным преобразовывать raw $(blood)blood$() в чистый $(blood)Life Essence$() . Хотя изначально он может быть маленьким и незначительным, его сила и размер растут на протяжении всего мода, выступая в качестве краеугольного камня большей части вашей мощи."
        },
        {
            "type": "patchouli:crafting",
            "recipe": "bloodmagic:blood_altar"
        },
        {
            "type": "patchouli:text",
            "text": "Когда его помещают в мир, $(item)Blood Altar$() преобразует $(blood)blood$() в $(blood)Life Essence$() , который затем используется для преобразования предметов, помещенных в него. Нажав [$(k:use)], глядя на Алтарь, вы можете вставить один предмет из своей руки во внутренний инвентарь Алтаря. Нажатие [$(k:use)] пустой рукой извлечет предмет."
        },
        {
            "type": "multiblock",
            "name": "Уровень 1 Алтарь Крови",
            "multiblock_id": "bloodmagic:altar_one",
            "text": "Кровавый алтарь 1-го уровня, на котором нет рун."
        },
        {
            "type": "patchouli:text",
            "text": "Для того, чтобы вы могли добавить $(blood)Life Essence$() , измеренный как \" $(blood)LP$() \", сначала вам нужно создать $(item)Sacrificial Knife$() . Нажав [$(k:use)] и одновременно направив нож в воздух, вы можете «извлечь» $(blood)200 LP$() за стоимость одного сердца, помещая его в ближайший Алтарь. Алтарь изначально имеет максимальную вместимость 10 000 LP, а уровень крови в чаше указывает на процент заполнения. $(l:bloodmagic:alchemy_array/sigil/divination)Divination Sigil$(/l) позволяет получить более подробную информацию об Алтаре."
        },
        {
            "type": "patchouli:crafting",
            "recipe": "bloodmagic:sacrificial_dagger",
            "anchor": "knife",
            "text": "Имейте в виду, что 10% от общей суммы $(blood)LP$() алтарь может удерживать будет поглощен невидимым внутренним «резервуаром», используемым для извлечения и вставки $(blood)Life Essence$() в Алтарь."
        },
        {
            "type": "patchouli:text",
            "text": "Алтарь крови попытается начать изготовление, как только игрок поместит внутрь предмет (или через 5 секунд). $(blood)LP$() Внутри Алтаря будет медленно истощаться (обозначается красными частицами), трансформируя предмет. Если нет $(blood)LP$() в Алтаре появится серый дым, указывающий на то, что Алтарь теряет прогресс. Когда достаточно $(blood)LP$() израсходован (стоимость умножается на количество в стопке предметов), вся стопка будет преобразована в новый предмет."
        },
        {
            "type": "patchouli:text",
            "text": "Первый предмет, который вам нужно будет создать, — это $(l:bloodmagic:altar/soul_network)Слабый кровавый шар$(/l), который по умолчанию представляет собой алмаз плюс $(blood)2000 LP$() внутри Алтаря крови уровня 1. Все предметы, которые можно создать на Алтаре крови, можно найти с помощью Just Enough Items (JEI)."
        },
        {
            "type": "patchouli:text",
            "anchor": "blank_rune",
            "text": "Чтобы улучшить Алтарь Крови, вам нужно создать $(item)Blood Runes$() и разместите их вокруг Алтаря. Кровавые руны действуют как улучшения Алтаря, и, используя более продвинутые версии Кровавых рун, вы можете придавать Алтарю различные эффекты. Базовая версия, $(item)Blank Rune$() , не дает никаких улучшений - он используется только для улучшения яруса Алтаря."
        },
        {
            "type": "patchouli:crafting",
            "recipe": "bloodmagic:blood_rune_blank"
        },
        {
            "type": "patchouli:text",
            "text": "Чтобы улучшить Алтарь Крови до уровня 2, вам необходимо разместить 8 $(item)Blood Runes$() вокруг Алтаря. Руны в кардиналах можно улучшать, но угловые руны не могут действовать как руны улучшения до уровня 3."
        },
        {
            "type": "multiblock",
            "name": "Уровень 2 Алтарь Крови",
            "multiblock_id": "bloodmagic:altar_two",
            "text": "Алтарь крови 2-го уровня, имеющий в общей сложности 8 рун."
        },
        {
            "type": "patchouli:text",
            "anchor": "dagger_of_sacrifice",
            "text": "Теперь, когда у вас есть Алтарь 2-го уровня, вы можете рассмотреть возможность получения $(blood)Life Essence$() откуда-то, кроме вас самих. $(item)Dagger of Sacrifice$() позволит вам принести в жертву любого моба (монстра или пассивного), который стоит в пределах 2 блоков от вашего Алтаря, мгновенно убив его и предоставив вам приличную сумму $(blood)LP$() . Вы можете увеличить сумму, которую вы получаете за убийство, с помощью $(l:bloodmagic:altar/blood_rune/sacrifice_rune)Runes of Sacrifice$() . Разные сущности дают разное количество $(blood)LP$() . Проверьте свои конфигурации для получения дополнительной информации."
        },
        {
            "type": "bloodmagic:crafting_altar",
            "heading": "Dagger of Sacrifice",
            "recipe": "bloodmagic:altar/daggerofsacrifice",
            "text": "Убийство жителей деревни ради развлечения и прибыли!"
        },
        {
            "type": "patchouli:text",
            "text": "Чтобы улучшить Алтарь Крови до уровня 3, разместите 5 $(item)Blood Runes$() один блок вниз и два блока в сторону от предыдущего набора рун вдоль каждого края. Затем поместите два блока (обозначенные $(item)Stone Bricks$() ) в каждом углу, начиная над новым кольцом рун, а затем увенчайте каждую колонну $(item)Glowstone Blocks$() .$(br)Чтобы проверить, что он успешно улучшен, используйте $(l:bloodmagic:alchemy_array/sigil/divination)Divination Sigil$(/l) для проверки уровня. Обратите внимание, что любой невоздушный блок может быть использован для столбов под Glowstone."
        },
        {
            "type": "multiblock",
            "name": "Уровень 3 Алтарь Крови",
            "multiblock_id": "bloodmagic:altar_three",
            "text": "Алтарь крови 3-го уровня, имеющий в общей сложности 28 рун, на 20 больше, чем алтарь 2-го уровня, по 5 с каждой стороны."
        },
        {
            "type": "patchouli:text",
            "text": "Чтобы улучшить Алтарь Крови до уровня 4, разместите 7 $(item) Blood Runes$() один блок вниз и два блока в сторону от предыдущего набора рун вдоль каждого края. Затем поместите четыре сплошных блока в каждом углу, начиная с нового кольца рун, а затем увенчайте каждую колонну $(l:bloodmagic:utility/bloodstone_bricks)Bloodstone Bricks$(/l) и/или $(l:bloodmagic:utility/bloodstone_bricks)Large Bloodstone Bricks$(/l). Для этого вам понадобится $(l:bloodmagic:dungeons/tau_fruit)Tau Fruit$() , найдено через $(l:bloodmagic:rituals/ritual_list/ritual_simple_dungeon)Edge of the Hidden Realm$() ритуал."
        },
        {
            "type": "multiblock",
            "name": "Уровень 4 Алтарь Крови",
            "multiblock_id": "bloodmagic:altar_four",
            "text": "Алтарь крови 4-го уровня, имеющий в общей сложности 56 рун, что на 28 больше, чем у 3-го уровня, по 7 с каждой стороны."
        },
        {
            "type": "patchouli:text",
            "text": "Чтобы улучшить Алтарь Крови до уровня 5, разместите 15 $(item) Blood Runes$() один блок вниз и три блока в сторону от предыдущего набора рун вдоль каждого края. Оставьте зазор в один блок с каждого конца, затем поместите $(l:bloodmagic:dungeons/demonite)Hellforged Block$() на каждом углу. Вам придется глубоко вникать в $(thing)Demon Realm$() для этого редкого и экзотического металла."
        },
        {
            "type": "multiblock",
            "name": "Уровень 5 Кровавый Алтарь",
            "multiblock_id": "bloodmagic:altar_five",
            "text": "Алтарь крови 5-го уровня, имеющий в общей сложности 108 рун, что на 52 больше, чем у 4-го уровня, по 13 с каждой стороны."
        }
    ]
}