{
    "name": "Редстоун и автоматизация",
    "icon": "minecraft:redstone",
    "category": "bloodmagic:altar",
    "pages": [
        {
            "type": "patchouli:text",
            "text": "The $(l:bloodmagic:altar/blood_altar)Blood Altar$() фантастический инструмент, но стоять и ждать, пока сланцы будут сделаны, это не ваше представление о хорошем времени. К счастью, предметы и $(blood)LP$() может автоматически передаваться в алтарь и из него, хотя и с некоторыми оговорками. $(br2)В то время как простой $(item)Hopper$() позволяет вам вставлять предметы, Алтарь не остановит его от ввода более 1 за раз. Он с радостью создаст 64 плиты за один раз"
        },
        {
            "type": "patchouli:text",
            "text": "идут, потребляя в 64 раза больше $(blood)LP$() как обычно, но если вы не можете предоставить указанное $(blood)LP$() достаточно быстро, вы столкнетесь с проблемами. $(br2)Кроме того, алтарь не делает различий между вводом и выводом, поэтому без какого-либо фильтра предметы будут втягиваться и вытягиваться так быстро, как ваша система передачи предметов может справиться. Возможно, стоит взглянуть на $(l:bloodmagic:demon_will/item_routing/routing_nodes)Routing Nodes$() будет полезно..."
        },
        {
            "type": "patchouli:text",
            "text": "Алтарь также поддерживает передачу $(blood)Life Essence$() , как к внешнему баку, так и из него. Просто подключите трубу для жидкости по вашему выбору, и вы можете хранить излишки $(blood)Life Essence$() для более поздних поделок. $(br2)Обратите внимание, что скорость передачи данных по умолчанию очень низкая. Если вы хотите ускорить ее, вам лучше всего рассмотреть $(l:bloodmagic:altar/blood_rune/acceleration_rune)Acceleration Runes$() и $(l:bloodmagic:altar/blood_rune/dislocation_rune)Displacement Runes$() ."
        },
        {
            "type": "patchouli:text",
            "text": "Не забывайте, что это $(blood)Life Essence$() не взято напрямую из $(l:bloodmagic:altar/blood_altar)altar$() сам, а скорее из второго, секретного внутреннего бака. Этот бак может вместить $(thing)up to 10%$() принадлежащий $(blood)Life Essence$() что сам алтарь может, поэтому если цифры кажутся не совсем правильными или если $(blood)Life Essence$() похоже, исчезает с вашего алтаря, это, вероятно, то, куда он направляется. Те же ограничения применяются к $(blood)Life Essence$() подается по трубам."
        },
        {
            "type": "patchouli:text",
            "text": "Количество $(blood)Life Essence$() в $(l:bloodmagic:altar/blood_altar)Blood Altar$() можно прочитать через компаратор сбоку, аналогично ванильному сундуку. $(br2)Если вы поместите $(item)Bloodstone Brick$() под алтарем компаратор вместо этого будет считывать значение $(l:bloodmagic:altar/soul_network)Сети Душ$(/l) владельца любой сферы, помещенной в Алтарь. $(br2)Сила сигнала зависит от размера сферы в алтаре, а не от максимального $(blood)LP$() сети."
        },
        {
            "type": "patchouli:text",
            "text": "Например, если у вас есть $(blood)500,000 LP$() , Слабый Кровавый Шар будет отображаться как полностью полный, но Мастерский Кровавый Шар будет отображаться как заполненный только наполовину. Это может быть использовано, например, для деактивации определенных ритуалов, когда у вас заканчивается $(blood)LP$() , чтобы убедиться, что у вас ничего не кончится. $(br2)Наконец, поместив $(item)Redstone Lamp$() под алтарем он заставит его выдавать сигнал красного камня после завершения операции по созданию."
        }
    ]
}