{
    "name": "Ярусы сланцев",
    "icon": "bloodmagic:blankslate",
    "category": "bloodmagic:altar",
    "extra_recipe_mappings": {
        "bloodmagic:blankslate": 1,
        "bloodmagic:reinforcedslate": 1,
        "bloodmagic:infusedslate": 2,
        "bloodmagic:demonslate": 2
    },
    "pages": [
        {
            "type": "patchouli:text",
            "text": "Основное применение $(l:bloodmagic:altar/blood_altar)Алтаря крови$(/l) — это производство $(item)Slates$() . Каждый уровень сланца требует предыдущего уровня и более мощного алтаря, чем предыдущий. $(br2)Обратите внимание, что $(item)Etherial Slates$() в настоящее время не реализованы по умолчанию, но могут быть реализованы, если вы играете в modpack. Проверьте JEI для получения подробной информации."
        },
        {
            "type": "bloodmagic:2x_crafting_altar",
            "a.heading": "Blank Slate",
            "a.recipe": "bloodmagic:altar/slate",
            "b.heading": "Reinforced Slate",
            "b.recipe": "bloodmagic:altar/reinforcedslate"
        },
        {
            "type": "bloodmagic:2x_crafting_altar",
            "a.heading": "Imbued Slate",
            "a.recipe": "bloodmagic:altar/imbuedslate",
            "b.heading": "Demonic Slate",
            "b.recipe": "bloodmagic:altar/demonicslate"
        }
    ]
}