{
    "name": "Душевная сеть",
    "icon": "bloodmagic:weakbloodorb",
    "category": "bloodmagic:altar",
    "pages": [
        {
            "type": "patchouli:text",
            "text": "The $(thing)Soul Network$() это сеть, которая соединяет ваши $(thing)Soul$() ко всем вашим связанным предметам, ритуалам и блокам. Функционально это глобальное хранилище $(blood)LP$() уникальный для каждого игрока, который может быть добавлен и извлечен из, используя привязанные предметы игрока в качестве посредника. Когда вы впервые нажимаете [$(k:use)] с предметом, который может быть привязан к $(thing)Soul Network$() , он будет привязан к вам и будет помечен как"
        },
        {
            "type": "patchouli:text",
            "text": "будучи \"принадлежащим\" вам. Таким образом, любое действие, которое делает элемент, который имеет $(blood)LP cost$() будет стекать с вашего $(thing)Soul Network$() . В некоторых случаях, если предмет не может получить свой $(blood)LP$() из $(thing)Soul Network$() , вместо этого он напрямую возьмет $(blood)LP$() стоимость вашего здоровья.$(br2)в других случаях (например, когда продолжающийся $(thing)Ritual$() полностью истощает вашу сеть), они просто будут вызывать непрекращающуюся тошноту, пока Ритуал не будет деактивирован или ваш $(thing)Soul Network$() повторно заполнен."
        },
        {
            "type": "patchouli:text",
            "text": "Для того, чтобы заполнить ваш $(thing)Soul Network$() , вам нужно будет построить $(item)Blood Orb$() . $(br2)Кровавый шар можно заряжать $(blood)LP$() одним из двух способов. $(li)Игрок может пожертвовать 1 сердце здоровья, нажав [$(k:use)] с помощью $(item)Blood Orb$() , обеспечивая связанность $(thing)Soul Network$() с $(blood)200 LP$() . $(li)The $(item)Blood Orb$() может быть помещен внутрь $(l:bloodmagic:altar/blood_altar)Алтаря Крови$(/l) с некоторыми $(blood)Life Essence$() в нем. Сфера поглотит его так быстро, как только сможет, ограниченная вашим Алтарем $(item)Speed Runes$() ."
        },
        {
            "type": "patchouli:text",
            "text": "Есть отдельный $(item)Blood Orb$() которые могут быть созданы для каждого уровня $(item)Blood Altar$() . Их рецепты задокументированы на обороте. $(li) $(item)Weak Blood Orb$() - Максимальная вместимость: $(blood)5k LP$() . $(ли) $(item)Apprentice Blood Orb$() - Максимальная вместимость: $(blood)25k LP$() . $(ли) $(item)Magician Blood Orb$() - Максимальная вместимость: $(blood)150k LP$() . $(ли) $(item)Master Blood Orb$() - Максимальная вместимость: $(blood)1M LP$() . $(ли) $(item)Archmage Blood Orb$() - Максимальная вместимость: $(blood)10M LP$() ."
        },
        {
            "type": "bloodmagic:2x_crafting_altar",
            "a.heading": "Weak Blood Orb",
            "a.recipe": "bloodmagic:altar/weakbloodorb",
            "b.heading": "Apprentice Blood Orb",
            "b.recipe": "bloodmagic:altar/apprenticebloodorb"
        },
        {
            "type": "bloodmagic:2x_crafting_altar",
            "a.heading": "Magician Blood Orb",
            "a.recipe": "bloodmagic:altar/magicianbloodorb",
            "b.heading": "Master Blood Orb",
            "b.recipe": "bloodmagic:altar/masterbloodorb"
        },
        {
            "type": "bloodmagic:crafting_altar",
            "heading": "Archmage Blood Orb",
            "recipe": "bloodmagic:altar/archmagebloodorb",
            "text": "Если этого все еще недостаточно $(blood)LP storage$() для вас, рассмотрите возможность использования $(l:bloodmagic:altar/blood_rune/orb_rune)Runes of the Orb$() ."
        }
    ]
}