{
    "name": "Алхимическая реакционная камера",
    "icon": "bloodmagic:alchemicalreactionchamber",
    "category": "bloodmagic:utility",
    "pages": [
        {
            "type": "patchouli:text",
            "text": "The $(item)Alchemical Reaction Chamber$() пока не полностью реализован, но среди прочего он может функционировать как $(thing)Furnace$() , предлагает форму $(l:bloodmagic:utility/ore_processing)Ore-Tripling$() , может вернуться $(l:bloodmagic:altar/soul_network)Blood Orbs$() , $(item)Netherrite$() и $(item)Reinforced Runes$() , и в настоящее время это единственный способ получить $(blood)Weak Blood Shards$() , в частности из $(l:bloodmagic:dungeons/tau_fruit)Saturated Tau$() ."
        },
        {
            "type": "patchouli:crafting",
            "recipe": "bloodmagic:arc"
        },
        {
            "type": "bloodmagic:crafting_soulforge",
            "heading": "Sanguine Reverter",
            "recipe": "bloodmagic:soulforge/sanguine_reverter",
            "anchor": "blood_shard",
            "text": "The $(item)Sanguine Reverter$() используется для создания $(blood)Weak Blood Shards$() , и вернуться $(l:bloodmagic:altar/soul_network)Blood Orbs$() , $(item)Netherrite$() и $(item)Reinforced Runes$() к их входному предмету для крафта."
        },
        {
            "type": "bloodmagic:3x_crafting_arc",
            "a.heading": "Weak Blood Shard",
            "a.recipe": "bloodmagic:arc/weakbloodshard_tau",
            "b.heading": "Revert Weak Blood Orb",
            "b.recipe": "bloodmagic:arc/reversion/weak_blood_orb",
            "c.heading": "Revert Apprentice Orb",
            "c.recipe": "bloodmagic:arc/reversion/apprentice_blood_orb"
        },
        {
            "type": "bloodmagic:3x_crafting_arc",
            "a.heading": "Revert Magician Orb",
            "a.recipe": "bloodmagic:arc/reversion/magician_blood_orb",
            "b.heading": "Revert Master Orb",
            "b.recipe": "bloodmagic:arc/reversion/master_blood_orb",
            "c.heading": "Revert netherrite",
            "c.recipe": "bloodmagic:arc/reversion/netherite_ingot"
        },
        {
            "type": "bloodmagic:crafting_arc",
            "heading": "Revert Reinforced Rune",
            "recipe": "bloodmagic:arc/reversion/speed",
            "text": "Все усиленные руны можно вернуть таким образом — это всего лишь демонстрация."
        },
        {
            "type": "patchouli:crafting",
            "heading": "Hydration Cell",
            "recipe": "bloodmagic:primitive_hydration_cell",
            "text": "Ячейка гидратации используется для изготовления глины — краеугольного камня баланса."
        },
        {
            "type": "bloodmagic:2x_crafting_arc",
            "a.heading": "Clay from Sand",
            "a.recipe": "bloodmagic:arc/clay_from_sand",
            "a.fluid_input": "minecraft:water_bucket",
            "b.heading": "Clay from Terracotta",
            "b.recipe": "bloodmagic:arc/clay_from_terracotta",
            "b.fluid_input": "minecraft:water_bucket"
        }
    ]
}