{
    "name": "Кирпичи из кровавого камня",
    "icon": "bloodmagic:largebloodstonebrick",
    "category": "bloodmagic:utility",
    "pages": [
        {
            "type": "patchouli:text",
            "text": "$(item)Bloodstone Bricks$() являются декоративным блоком и используются как $(thing)capstones$() для Tier-4 $(l:bloodmagic:altar/blood_altar)Blood Altar$() . Они требуют $(item)Weak Blood Shards$() , который можно сделать, поместив $(l:bloodmagic:dungeons/tau_fruit)Saturated Tau$() в $(l:bloodmagic:utility/alchemical_reaction_chamber)Alchemical Reaction Chamber$() с $(l:bloodmagic:utility/alchemical_reaction_chamber#blood_shard)Sanguine Reverter$() в нем."
        },
        {
            "type": "patchouli:crafting",
            "recipe": "bloodmagic:largebloodstonebrick",
            "recipe2": "bloodmagic:bloodstonebrick"
        }
    ]
}