{
    "name": "Фолиант Перитии",
    "icon": "bloodmagic:experiencebook",
    "category": "bloodmagic:utility",
    "pages": [
        {
            "type": "patchouli:text",
            "text": "The $(item)Tome of Peritia$() позволяет вам безопасно хранить ваши $(thing)experience$() . $(br2)нажатие [$(k:sneak)] и [$(k:use)] с Томом в руке сохраняет $(thing)one level of XP$() . Нажатие [$(k:use)] $(thing)retrieves a level$() . Удерживайте [$(k:use)], чтобы $(thing)store/retrieve multiple levels$() ."
        },
        {
            "type": "patchouli:crafting",
            "recipe": "bloodmagic:experience_tome"
        },
        {
            "type": "patchouli:text",
            "flag": "mod:curios",
            "text": "Так как у вас есть $(thing)Curios API$() установлен, вы можете оборудовать $(item)Tome of Peritia$() как амулет. Если вы хотите носить больше диковинок одновременно, рассмотрите возможность использования $(l:bloodmagic:alchemy_array/sigil/holding)Sigil of Holding$() , или $(l:bloodmagic:alchemy_array/living_equipment/armor_upgrades/curios_sockets)Socketed Upgrade$() для вашего $(l:bloodmagic:alchemy_array/living_equipment/living_basics)Living Armour$() ."
        }
    ]
}