{
    "name": "Журнал изменений",
    "icon": "minecraft:map",
    "category": "bloodmagic:utility",
    "priority": "true",
    "pages": [
        {
            "type": "patchouli:text",
            "text": "Все списки изменений $(6)Blood Magic$() на сегодняшний день, от самых последних к самым старым."
        },
        {
            "type": "patchouli:text",
            "title": "3.2.5",
            "text": "$(li)Исправлено, так что удочка действительно работает.$(li)Не спрашивайте."
        },
        {
            "type": "patchouli:text",
            "title": "3.2.4",
            "text": "$(li)Реализован ритуал «Путь в Бесконечное Царство», который обеспечивает доступ к более крупной версии Подземелий Демонов! $(li2)«Бесконечное Царство» — это обширное, процедурно сгенерированное подземелье, заполненное сундуками, ломящимися от добычи, и монстрами, которые наносят серьезный удар! $(li2)Те, кто успешно пройдет по его многочисленным залам, могут найти Демонит, руду, которая"
        },
        {
            "type": "patchouli:text",
            "text": "не может быть найдено больше нигде. $(li2)В настоящее время подземелья разделены на два отдельных региона: $(li3)«Входная зона», которая содержит широкий спектр добычи и монстров $(li3)«Скрытые шахты», содержащие щедрые запасы Демонита, который используется для продвинутой алхимии и для усиления Алтаря крови до уровня 5. Доступ возможен после нахождения «Ключа бригадира» во Входной зоне."
        },
        {
            "type": "patchouli:text",
            "text": "$(li2)Если вы достаточно глубоко погрузитесь в подземелье, иногда может образоваться «Пространственное искажение»; это изменяет одну из дверей в комнате на ту, что ведет в редкую комнату подземелья. $(li)В Подземелье (в конечном итоге (скоро (tm))) появится больше комнат, типов комнат и специальных комнат! $(li)Добавлен демонит, который можно переработать в адский песок и адские слитки."
        },
        {
            "type": "patchouli:text",
            "text": "$(li)Добавлены более продвинутые помазания, которые предлагают либо увеличенную продолжительность (XL), либо более сильный эффект (III). $(li)Добавлены «Стандартный удлиняющий катализатор» и «Стандартный силовой катализатор», которые еще больше усиливают эффекты зелий в алхимической фляге. $(li)Добавлены более сильные инструменты алхимической реакционной камеры, которые и быстрее, и долговечнее предыдущих инструментов. $(li2)Адский резонатор $(li2)Адская взрывчатая ячейка $(li2)Улучшенная режущая жидкость"
        },
        {
            "type": "patchouli:text",
            "text": "$(li2)Эти инструменты также повышают шанс получения бонусных результатов при использовании. Например, промежуточная режущая жидкость обеспечит 1,5x железного песка на сырое железо, тогда как улучшенная режущая жидкость обеспечит 1,67x.$(br2)$(li)Добавлены улучшенные взрывчатые заряды и изменена мощность предыдущих версий. $(li2)Усиленный кумулятивный заряд — разбивает куб 7x7x7 блоков."
        },
        {
            "type": "patchouli:text",
            "text": "$(li2)Tunneling Shaped Charge - разбивает длинный набор блоков размером 5x5x20. $(li2)Augmented Controlled Charge - разбивает до 8x64 блоков одного типа. $(li2)Augmented Deforester Charge - разбивает до 8x64 бревен, убирая соединяющие их листья. $(li2)Augmented Fungal Charge - разбивает до 8x64 блоков, связанных с большими грибами Верхнего мира и Нижнего мира."
        },
        {
            "type": "patchouli:text",
            "text": "$(li)Добавлены детали Hellforged, которые можно найти только в качестве добычи в Скрытых шахтах. $(li2)Используются для усиления рун крови, удваивая эффект данной руны. $(li)Увеличена скорость появления «крошечной испорченной пыли» при использовании резонатора в камере алхимической реакции. $(li2)Испорченную пыль можно использовать для увеличения выхода желаемой руды."
        },
        {
            "type": "patchouli:text",
            "text": "$(li)Добавлена ​​новая функция для символа прорицания и провидца: при подкрадывании и активации символа откроется графический интерфейс, который позволит вам перетаскивать отдельные элементы HUD и сохранять их новые местоположения. $(li)Добавлены новые помазания: $(li2)«Восстанавливающая мазь», которая слегка восстанавливает поврежденный инструмент при его использовании. $(li2)«Сущность пустоты», которая уничтожает добываемые мирские блоки."
        },
        {
            "type": "patchouli:text",
            "text": "$(li)Также изменены «Секреты шахтера», чтобы они работали только с блоками, дающими опыт, и при этом использовались только при получении дополнительного опыта. $(li)Обновлены несколько текстур, связанных с обработкой руды в оригинальной версии. $(li)Исправлена ​​задержка Алтаря крови после крафта. Задержка между завершением алтарем крафта и попыткой начать новый крафтинг теперь составляет 30 тиков. $(li)Исправлен Строитель тела, чтобы его можно было правильно получить."
        },
        {
            "type": "patchouli:text",
            "text": "$(li)Исправлена ​​обработка Nether Wart для ритуала Harvest. $(li)Исправлена ​​Sentient Scythe, чтобы она не была сделана из бумаги. Теперь она также наносит урон! $(li)Разрешено Sentient Scythe получать чары Sharpness во время наложения чар. $(li)Изменен ритуал Feathered Knife для взаимодействия с Living Upgrade \"Tough Palms\"."
        },
        {
            "type": "patchouli:text",
            "text": "$(li)Добавлены метательные кинжалы из аметиста, наносящие такой же урон, как и метательные кинжалы из железа. $(li2)Можно объединить в ARC с колбой Lingering Alchemy Flask, чтобы добавить эффекты зелья к метательным кинжалам. $(li)Добавлен переработанный ритуал «Ритм бьющейся наковальни», который может автоматически создавать ванильные рецепты. При дополнении также может упростить автоматизацию рецептов Hellfire Forge и Alchemy Table."
        },
        {
            "type": "patchouli:text",
            "text": "$(li)Изменено «Покаяние свинцовой души» так, чтобы оно учитывало любые имеющиеся в данный момент тренировочные браслеты.$(li)Переработан рецепт Обсидиановых путей."
        },
        {
            "type": "patchouli:text",
            "title": "3.2.3",
            "text": "$(li)Исправлено извлечение Фортуны, чтобы оно правильно применяло свою дополнительную Фортуну при определенных условиях. $(li)Исправлен сбой с Teleposer, из-за которого Tile Entities не двигались. $(li)Добавлен рецепт плавки для медного песка > медного слитка и рецепты доменной печи для всех видов пыли."
        },
        {
            "type": "patchouli:text",
            "title": "3.2.2",
            "text": "$(li)На этот раз исправлено внутриигровое руководство."
        },
        {
            "type": "patchouli:text",
            "title": "3.2.1",
            "text": "$(li)Исправлено внутриигровое руководство, чтобы рецепты загружались правильно.$(li)Исправлены некрафтимые алхимические массивы.$(li)Исправлены Знак падающей башни и Ритуал магнетизма, чтобы соответствовать текущему лимиту построек в мире.$(li)Изменены несколько текстур, таких как фрагменты руды."
        },
        {
            "type": "patchouli:text",
            "title": "3.2.0",
            "text": "$(li)Первоначальный выпуск 1.18.2.$(li)Изменен ARC, так что текстура меняется в зависимости от используемого инструмента и времени его активности.$(li)Изменен баланс некоторых рецептов из-за выпадения сырья из базовых руд.$(li)Добавлена ​​обработка медной руды.$(li)Добавлена ​​обработка светлячков и ягодных кустов в Reap of the Harvest Moon."
        },
        {
            "type": "patchouli:text",
            "text": "Известные проблемы:$(li)Внутриигровое руководство не работает в нескольких местах, в основном при просмотре рецептов модов, таких как создание Алтаря крови.$(li)Блоки эссенции жизни не имеют правильного наложения при погружении в жидкость."
        },
        {
            "type": "patchouli:text",
            "title": "3.1.11",
            "text": "$(li)Переработана и реализована система Potion Flask! Довольно сильно отличается от предыдущих версий, поэтому обязательно проверьте руководство. $(li)Новые (и старые) эффекты не-Vanilla зелий включают: $(li2)Отскок $(li2)Гравитация $(li2)Заземление $(li2)Подвешенный $(li2)Тяжёлое сердце $(li2)Пассивный"
        },
        {
            "type": "patchouli:text",
            "text": "$(li2)Спектральное зрение $(li2)Жесткий плащ $(li2)Обсидиановый плащ $(li2)Полет $(li)Исправлен сбой сервера для ритуала Почтения Кондора. $(li)Повторная реализация Телепозеров. Ура! $(li)Повторная реализация Символа Телепозиции. $(li)Повторная реализация Символа Подавление. $(li)Повторная реализация Демонического Пилона."
        },
        {
            "type": "patchouli:text",
            "text": "$(li)Добавлены катализаторы воли, которые можно применять к кластерам демонической воли, чтобы значительно увеличить скорость их роста. $(li)Изменена кузница адского пламени, чтобы она могла использовать аспектированную волю в операциях по созданию предметов. $(li)Изменен ритуальный прорицатель, чтобы он мог циклически перемещаться по списку ритуалов в обратном направлении, щелкнув левой кнопкой мыши в воздухе. $(li)Добавлен новый элемент «Обновление базовой логики маршрутизации», который увеличивает общую пропускную способность системы главного узла маршрутизации."
        },
        {
            "type": "patchouli:text",
            "text": "$(li)Переделано несколько ритуалов: $(li2)Крушение лесоруба $(li2)Рассвет новолуния $(li2)Ритуал насыщенного желудка $(li2)Ритуал скорости $(li2)Ритуал прыжка в высоту $(li2)Укладка наполнителя $(li2)Созыв проклятых (переработано) $(li2)Бремя грешника (переименовано из \"Ритуала заземления\")"
        },
        {
            "type": "patchouli:text",
            "text": "$(li2)Знак падающей башни (новая метеоритная система! Ооо, искрится~!) $(li)Добавлен новый ритуал, Зев пустоты. Используется для полной очистки больших областей от блоков. $(li)Изменен рецепт деталей рамы, чтобы сделать их дешевле."
        },
        {
            "type": "patchouli:text",
            "title": "3.1.10-32",
            "text": "$(li)Исправлен рецепт улучшения жизни «Блеск»."
        },
        {
            "type": "patchouli:text",
            "title": "3.1.10",
            "text": "$(li)Исправлена ​​проблема на стороне сервера, из-за которой не загружались рецепты определенных типов."
        },
        {
            "type": "patchouli:text",
            "title": "3.1.9",
            "text": "$(li)Добавил недостающие рецепты для пары понижений уровня Living Armour. $(li2)Да, Уэй действительно слеп."
        },
        {
            "type": "patchouli:text",
            "title": "3.1.8",
            "text": "$(li)Сделал Пачули обязательной библиотекой. $(li)Переосуществил ритуал Покаяния Свинцовой Души. Работает немного иначе, чем раньше. $(li)Переосуществил следующие понижения Живой Брони: $(li2)Штурмовик $(li2)Жаждущий Битвы $(li2)Закаленный $(li2)Затупившийся Клинок $(li2)Ослабленный Пик $(li2)Больной"
        },
        {
            "type": "patchouli:text",
            "text": "$(li2)Поврежденная рука $(li2)Хромая нога $(li)Переработан ремонт $(li)Добавлены следующие улучшения/ухудшения живой брони: $(li2)Блеск (увеличивает показатели брони и прочности живой брони) $(li2)Бетонные ботинки (снижает скорость плавания) $(li)Уменьшена твердость кумулятивных зарядов."
        },
        {
            "type": "patchouli:text",
            "text": "Известная проблема: рассинхронизация между сервером и клиентом для нагрудника Living Armour при определенных условиях. Происходит, когда предмет вытаскивается из слота нагрудника игрока с нажатой клавишей Shift. Не происходит, если щелкнуть без нажатой клавиши Shift. $(li)Только вызывает появление призрачного предмета в инвентаре клиента. Иным образом не влияет на производительность доспехов."
        },
        {
            "type": "patchouli:text",
            "title": "3.1.7",
            "text": "$(li)Исправлен еще один сбой с Living Armour. Может, в этот раз я его получил!"
        },
        {
            "type": "patchouli:text",
            "title": "3.1.6",
            "text": "$(li)Увеличен радиус действия растения Тау до 3x1x3 с центром на растении, что упрощает выращивание насыщенной версии. $(li)Исправлен сбой с Living Armour при определенных условиях. $(li)Исправлен Sacrificial Knife, теперь он учитывает моды надгробий и другие эффекты, возникающие при смерти. $(li)Исправлен Dagger of Sacrifice, теперь он также учитывает события смерти."
        },
        {
            "type": "patchouli:text",
            "title": "3.1.5",
            "text": "$(li)Исправление сбоя на стороне клиента для алхимического стола на серверах. $(li)Сделано так, чтобы Водный сигил не работал в Нижнем мире (все еще истощает LP при использовании)."
        },
        {
            "type": "patchouli:text",
            "title": "3.1.4",
            "text": "$(li)Исправлена ​​ошибка при удалении улучшений максимального уровня из $(l:bloodmagic:alchemy_array/living_equipment/living_basics)Living Armour$() . $(li)Исправлена ​​рассинхронизация клиент-сервер с $(item)item filter$() количество $(li)Добавлена ​​звуковая и визуальная индикация, когда $(l:bloodmagic:alchemy_table/anointments)anointment$() на $(item)tool$() заканчивается. $(li)Включены предупреждающие флаги в $(l:bloodmagic:alchemy_table/alchemy_table#errors)Alchemy Table GUI$() который сообщит, если недостаточно LP или сфера не привязана/неправильного уровня."
        },
        {
            "type": "patchouli:text",
            "text": "$(li)Добавил $(l:bloodmagic:alchemy_array/living_equipment/armor_upgrades/elytra)Elytra Living Armour upgrade$() ! Надкрылья не включены. $(li)Добавлено $(l:bloodmagic:alchemy_array/living_equipment/training_bracelet)Training Bracelet$() для $(l:bloodmagic:alchemy_array/living_equipment/living_basics)Living Armour$() ! Теперь вы можете тренировать улучшения, которые хотите! $(li)Увеличена прочность $(l:bloodmagic:alchemy_array/living_equipment/living_basics)Living Armour$() до уровня алмаза, но позволил сломать все детали, кроме нагрудника."
        },
        {
            "type": "patchouli:text",
            "title": "3.1.3",
            "text": "$(li)The $(l:bloodmagic:utility/alchemical_reaction_chamber)Alchemical Reaction Chamber$() теперь будет потреблять меньше прочности для инструментов с Unbreaking. Прочность потребляется с вероятностью $(br)(1/(unbreakingLevel+1)). $(li)Исправлены возможности жидкости ARC. $(li)Сделано так, чтобы текстовое поле $(item)Filters$() может принимать только числа. Также разрешена клавиша «Удалить» для удаления значений из текстового поля."
        },
        {
            "type": "patchouli:text",
            "title": "3.1.2",
            "text": "$(li)Реализовано повторно $(l:bloodmagic:demon_will/item_routing/routing_nodes)Routing Nodes$() !$(li)Добавлена ​​поддержка Curios для определенных предметов $(li)Добавлены рецепты для ведер воды и лавы с использованием соответствующих им Сигилов (а также несколько других применений Сигилов внутри Алхимического стола) $(li)Исправлено $(l:bloodmagic:alchemy_array/living_equipment/armor_upgrades/gift_of_ignis)Gift of Ignis$() не уменьшает время перезарядки, когда не горит."
        },
        {
            "type": "patchouli:text",
            "text": "$(li)Разрешено $(l:bloodmagic:alchemy_array/sigil/divination)Divination Sigil$() и $(l:bloodmagic:alchemy_array/sigil/seer)Seer Sigil's$() Элементы HUD для работы как в левой, так и в правой руке $(l:bloodmagic:alchemy_array/sigil/holding)Sigil of Holding$() . Также позволяет $(l:bloodmagic:demon_will/will_manipulation/aura_gauge)Demon Aura Gauge$() для работы в левой руке (зачем он у тебя в левой руке, я не могу сказать). $(li)Добавил конфигурации! Ура! $(li)Добавил Ритуал ' $(l:bloodmagic:rituals/ritual_list/ritual_zephyr)Call of the Zephyr$() '."
        },
        {
            "type": "patchouli:text",
            "title": "3.1.1-16",
            "text": "$(li)Исправлено $(l:bloodmagic:demon_will/demonic_items/throwing_daggers)Throwing Daggers$() так что они действуют как соответствующий тип. $(li)Исправлено $(l:bloodmagic:alchemy_array/sigil/magnetism)Sigil of Magnetism's$() диапазон так, чтобы он был центрирован на игроке. $(li)Исправлен $(l:bloodmagic:alchemy_array/living_equipment/living_upgrades)Living Armour upgrade$() 'Tough', так что теперь это можно получить. Теперь вы можете получить травму по реальной причине! $(li)Исправлен сбой NPE из-за $(l:bloodmagic:rituals/ritual_list/ritual_armour_evolve)Ritual of Living Evolution$() . Сбой происходил, если игрок экипировал недавно созданный"
        },
        {
            "type": "patchouli:text",
            "text": "$(br)Набор Living Armour во время активированного ритуала. $(li)Добавлен рецепт для $(l:bloodmagic:demon_will/will_manipulation/aura_gauge)Demon Will Aura Gauge.$() $(li)Изменено поведение $(l:bloodmagic:alchemy_array/living_equipment/living_tomes)Living Upgrade Tomes$() : $(li2) $(item)Tomes$() теперь попытаемся применить их содержащиеся $(thing)EXP$() (не уровни) независимо от текущего или $(item)Tome$() уровни. $(li2)Если $(thing)EXP$() от $(item)Tome$() заставил бы вас пройти мимо $(l:bloodmagic:alchemy_array/living_equipment/living_basics)Living Armour's$() точка колпачок, $(thing)EXP$() вместо этого добавляется к максимально возможному для указанного $(thing)Living Upgrade$() , минус один."
        },
        {
            "type": "patchouli:text",
            "text": "$(li2) $(thing)EXP$() применяется к $(item)Living Armour$() сифонируется из $(item)Tome$() , а остальные $(thing)EXP$() не теряется. $(li2)Если оставшиеся $(thing)EXP$() на $(item)Living Upgrade Tome$() ниже суммы, необходимой хотя бы для одного уровня соответствующего улучшения, $(item)Tome$() уничтожен. $(li)Затопленные блоки теперь считаются «водой» для Алтаря благовоний. $(li) $(l:bloodmagic:altar/blood_rune/aug_capacity_rune)Runes of Augmented Capacity$() используйте их предыдущую формулу (Книга снова точна)."
        },
        {
            "type": "patchouli:text",
            "text": "$(li)Исправлена ​​ошибка дублирования для $(l:bloodmagic:utility/alchemical_reaction_chamber)Alchemical Reaction Chamber$() ."
        },
        {
            "type": "patchouli:text",
            "title": "3.1.0-15",
            "text": "$(li)Значительно переработана последовательность мода. Вместо того, чтобы начинать с $(l:bloodmagic:demon_will/will_manipulation/soul_snare)Snare$() , вместо этого вы начинаете с создания $(l:bloodmagic:altar/blood_altar)Blood Altar$() . Изменения задокументированы в руководстве, и вы можете следить за ним $(l:bloodmagic:utility/getting_started)Getting Started$() запись!$(li)Изменил подсказки так, чтобы они были серыми, чтобы их было легче отличать от названия элемента."
        },
        {
            "type": "patchouli:text",
            "text": "$(li)Добавил $(l:bloodmagic:alchemy_array/holding)Sigil of Holding$() .$(li)Изменено изготовление $(l:bloodmagic:demon_will/will_manipulation/soul_gem)Tartaric Gems$() так что вам больше не нужно использовать драгоценный камень предыдущего уровня в слоте драгоценного камня.$(li2) $(l:bloodmagic:demon_will/will_manipulation/soul_forge)Hellfire Forge$() Теперь сначала будет извлекаться воля из самоцвета на верстаке, а вся неиспользованная воля из потребленного самоцвета будет помещена в созданный самоцвет."
        },
        {
            "type": "patchouli:text",
            "text": "$(li)Изменен графический интерфейс для $(l:bloodmagic:alchemy_table/alchemy_table)Alchemy Table$() . См. обновленный раздел.$(li)Исправлено $(l:bloodmagic:alchemy_table/anointments/looting_anointment)Plunderer's Glint$() неправильно применил уровень мародерства. $(li)Также исправлен сбой NPE из-за $(l:bloodmagic:alchemy_table/anointments/bow_power_anointment)Iron Tip$() . Исправлены некоторые сбои из-за модов, использующих событие ItemUsedFinish.$(li)Исправлен $(l:bloodmagic:blood_altar/blood_altar)Blood Altar$() не имея возможности вводить жидкости. Давно пора, Уэй!"
        },
        {
            "type": "patchouli:text",
            "text": "$(li)Добавлен новый $(l:bloodmagic:demon_will/demonic_items/explosive_charges)Explosive Charges.$() $(li2) $(item)Fungal Charge$() , что очень полезно для гигантских грибов и нижних грибов.$(li2) $(item)Controlled Charge$() , который уничтожит только те блоки, которые соответствуют блоку, на котором он размещен.$(li)Добавлена ​​возможность применять несколько избранных Помазаний к зарядам. Только одно может быть применено к заряду за раз.$(li2) $(l:bloodmagic:alchemy_table/anointments/silk_touch_anointment)Soft Coating$() $(li2) $(l:bloodmagic:alchemy_table/anointments/fortune_anointment)Fortuna Extract$()"
        },
        {
            "type": "patchouli:text",
            "text": "$(li2) $(l:bloodmagic:alchemy_table/anointments/smelting_anointment)Slow-burning Oil$() $(li)Исправлено $(l:bloodmagic:alchemy_array/living_equipment/living_basics)Living Armour$() так что вы не сможете использовать том улучшений, чтобы узурпировать лимит очков.$(li2)Исправлено $(l:bloodmagic:alchemy_array/living_equipment/armor_upgrades/strong_legs)Strong Legs$() так что он больше не запускает программу \"CrunchyLegs.exe\" - в результате вы больше не получаете урон от падения при прыжке на том же уровне. Убрано прямое смягчение урона от падения из Strong Legs."
        },
        {
            "type": "patchouli:text",
            "text": "$(li)Добавлено два типа $(l:bloodmagic:demon_will/demonic_items/throwing_daggers)Throwing Daggers$() к наступательному набору Мага Крови.$(li2) $(item)Iron Throwing Dagger$() $(li2) $(item)Syringe Throwing Dagger$() $(li)Refactored the guide so that it provides +2 to awesomeness.$()"
        },
        {
            "type": "patchouli:text",
            "title": "3.0.6-11",
            "text": "$(li)Повторно реализован $(l:bloodmagic:rituals/ritual_list/ritual_well_of_suffering)Well of Suffering$() . $(li)Добавлено несколько новых пунктов, называемых \" $(l:bloodmagic:alchemy_table/anointments)Anointments$() \"! Это предметы, которые дают временные усиления вашим инструментам и оружию, такие как шелковое касание, более высокий урон и многое другое! Найдите их в разделе «Полезное» книги. К ним относятся: $(li2) Хонинговое масло $(li2) Мягкое покрытие $(li2) Экстракт фортуны $(li2) Святая вода"
        },
        {
            "type": "patchouli:text",
            "text": "$(li2)Секреты шахтеров $(li2)Ловкость Алкахеста $(li2)Железный наконечник $(li2)Блеск грабителя $(li2)Медленно горящее масло $(li)Сделал $(l:bloodmagic:demon_will/demonic_items/explosive_charges#shaped_charge)Shaped Charge$() и $(l:bloodmagic:demon_will/demonic_items/explosive_charges#deforester_charge)Deforester Charge$() метательный."
        },
        {
            "type": "patchouli:text",
            "title": "3.0.5-10",
            "text": "Исправлен сбой с $(l:bloodmagic:altar/blood_altar)Blood Altar$() на выгрузке и скорректировал рецепт для $(l:bloodmagic:alchemy_array/functional_arrays/time_arrays)Day array$() использовать $(item)Coal$() вместо $(item)Clocks$() ."
        },
        {
            "type": "patchouli:text",
            "title": "3.0.4-9",
            "text": "$(li)Добавлено два новых $(l:bloodmagic:demon_will/demonic_items/explosive_charges)explosives$() : $(li2) $(l:bloodmagic:demon_will/demonic_items/explosive_charges#shaped_charge)Shaped Charge$() , который при размещении разобьет объем 5x5x5. $(li2) $(l:bloodmagic:demon_will/demonic_items/explosive_charges#deforester_charge)Deforester Charge$() , который может срубить дерево максимум из 128 бревен. $(li)(Обе взрывчатки сбрасывают все затронутые блоки и не наносят дальнейшего ущерба окружающей среде или существу.)"
        },
        {
            "type": "patchouli:text",
            "text": "$(li)Добавлены новые массивы алхимии: $(li2) $(l:bloodmagic:alchemy_array/functional_arrays/time_arrays)Two arrays$() , который изменяет текущий цикл дня и ночи. Рецепты временные. $(li)Исправлено следующее $(l:bloodmagic:alchemy_array/living_equipment/living_upgrades)Living Armour upgrades$() так что теперь они доступны: $(li2)Опытный $(li2)Бодибилдер"
        },
        {
            "type": "patchouli:text",
            "title": "3.0.3-8",
            "text": "$(li)Обновлено $(item)Sanguine Scientiem$() - очень хорошо написано! Отдельное спасибо обоим $(fire)VT-14$() и $(raw)Wrincewind$() за их долгие часы усилий, чтобы сделать эту книгу лучше, чем я мог бы сделать! $(li)Исправлен сбой с $(l:bloodmagic:alchemy_array/living_equipment/living_basics)Living Armour$() при изготовлении и ношении сразу после зачарования."
        },
        {
            "type": "patchouli:text",
            "title": "3.0.2-7",
            "text": "Прочитано $(l:bloodmagic:alchemy_array/living_equipment/living_basics)Living Armour$() . В настоящее время только с несколькими $(l:bloodmagic:alchemy_array/living_equipment/living_upgrades)upgrades$() , и никаких понижений. $(li)Игольница $(li)Мягкое падение $(li)Крепкий $(li)Сильные ноги (теперь можно временно отключить при прыжке, подкравшись) $(li)Здоровый $(li)Опытный $(li)Заряжающий удар $(li)Крепкие ладони $(li)Быстрые ноги $(li)Сопротивление яду"
        },
        {
            "type": "patchouli:text",
            "text": "$(li)Дар Игниса $(li)Мощь гномов $(li)Строитель тела $(br2)Перезаписаны следующие ритуалы: $(li) $(l:bloodmagic:rituals/ritual_list/ritual_crystal_split)Resonance of the Faceted Crystal$() $(ли) $(l:bloodmagic:rituals/ritual_list/ritual_crystal_harvest)Crack of the Fractured Crystal$() $(ли) $(l:bloodmagic:rituals/ritual_list/ritual_harvest)Reap of the Harvest Moon$() (В основном ванильные культуры) $(li) $(l:bloodmagic:rituals/ritual_list/ritual_animal_growth)Ritual of the Shepherd$() $(ли) $(l:bloodmagic:rituals/ritual_list/ritual_green_grove)Ritual of the Green Grove$() $(ли) $(l:bloodmagic:rituals/ritual_list/ritual_ellipse)Focus of the Ellipsoid$() $(ли) $(l:bloodmagic:rituals/ritual_list/ritual_upgrade_remove)Sound of the Cleansing Soul$()"
        },
        {
            "type": "patchouli:text",
            "text": "$(ли) $(l:bloodmagic:rituals/ritual_list/ritual_armour_evolve)Ritual of Living Evolution$()"
        },
        {
            "type": "patchouli:text",
            "title": "3.0.1-6",
            "text": "$(li)Повторно реализован $(l:bloodmagic:utility/incense_altar)Incense Altar$() со всеми соответствующими блоками. $(li)Добавлены записи руководства для $(l:bloodmagic:utility/incense_altar)Incense Altar$() и $(l:bloodmagic:altar/blood_altar)Blood Altar$() . Также добавлены другие записи. $(li)Исправлен сбой, связанный с сервером, на клиенте $(l:bloodmagic:alchemy_array/sigil/grove)Sigil of the Green Grove$() . $(li)Добавлено $(l:bloodmagic:utility/alchemical_reaction_chamber#ore_processing)ore processing$() к $(item)Ancient Debris.$() $(li)Readed добавил другой $(l:bloodmagic:demon_will/demonic_items/sentient_tools)Sentient Tool$() типов (еще один на подходе)."
        },
        {
            "type": "patchouli:text",
            "text": "$(li)Добавил несколько элементов WIP, которые пока нельзя использовать — они являются частью системы D*$)@ D*#@(@*, которую я добавляю для уровня 4. $(li)Добавил API — он все еще находится в стадии разработки, так что ждите, что он изменится очень скоро! $(li)Возможно, забыл что-то важное. $(li)Исправлен сбой для $(l:bloodmagic:utility/lava_crystal)Lava Crystal$() что заставляло его взрывать Клиента, если использовать его на сервере. Нет, это не было предполагаемой целью!"
        },
        {
            "type": "patchouli:text",
            "text": "$(li)Добавил $(l:bloodmagic:rituals/ritual_tinkerer)Ritual Tinkerer$() для Ритуалов. $(li)Добавил \" $(l:bloodmagic:utility/book_experience)Tome of Peritia$() \"снова - сохраняет EXP."
        },
        {
            "type": "patchouli:text",
            "title": "3.0.0-3",
            "text": "$(li)Исправлена ​​проблема с Will Handler, которая вызывала огромные задержки. $(li)Переделаны некоторые рецепты, которые... не были реализованы должным образом. К ним относятся $(l:bloodmagic:alchemy_table/alchemy_table#cutting_fluid)Cutting Fluid$() рецепты в $(l:bloodmagic:alchemy_table/alchemy_table)Alchemy Table$() . Упс! $(li)Снижена стоимость $(l:bloodmagic:altar/blood_altar#blank_rune)Blank Rune$() , поменяв один из $(l:bloodmagic:altar/slates)Blank Slates$() для $(item)Smooth Stone$() ."
        },
        {
            "type": "patchouli:text",
            "title": "3.0.0-1",
            "text": "Первое обновление для $(item)Minecraft 1.16.3$() ! Предположительно, он также должен работать для 1.16.4, однако он был собран для 1.16.3. $(br2)Этот релиз я могу лучше всего описать как \"раннюю альфу\" - многие системы уже установлены и работают, однако некоторые вещи заметно отсутствуют. Это может означать, что система будет либо полностью переработана, повторно реализована из предыдущих версий MC позднее, либо"
        },
        {
            "type": "patchouli:text",
            "text": "не будет добавлено, чтобы освободить место для другой системы. $(br2)Некоторые вещи, которые в настоящее время отсутствуют в этой версии Blood Magic: $(li) $(l:bloodmagic:alchemy_array/living_equipment/living_basics)Living Armour$() , который нужно будет полностью переписать, чтобы исправить некоторые ошибки клиент-сервер. $(li)Несколько ритуалов. Ритуалы ЕСТЬ в этом выпуске, но только несколько. Большинство ритуалов БУДУТ переписаны. $(li) $(l:bloodmagic:utility/incense_altar)Incense Altar$() . Скоро будет реализовано повторно."
        },
        {
            "type": "patchouli:text",
            "text": "$(li)Система маршрутизации предметов. Может, ее нужно переделать? И для этого понадобится куча инсектицида, так как есть некоторые ошибки, о которых я слышал. $(li)Уровень 5 — в настоящее время в T5 не так много от предыдущих версий, поэтому он временно отключен, пока я полностью не решу, как к нему перейти. Хотя я не буду раскрывать много, это будет связано с демонами. И *^$%@)$#. $(li)Уровень 6 — Почему люди все еще спрашивают об этом?"
        },
        {
            "type": "patchouli:text",
            "text": "И другие системы и предметы, которые я специально не упомянул. $(br2)Значительный новый контент, с которым в настоящее время экспериментируют и/или который дорабатывают: $(li) $(item)Blood Magic Guide$() ! Он полностью переписывается и в настоящее время использует мод Patchouli! $(strike)It's a pretty Neat mod by Vazkii$() Он находится на ранней стадии написания, но на данный момент я планирую сделать его чисто информационным — это главная причина, по которой я временно отказываюсь от повествовательной части."
        },
        {
            "type": "patchouli:text",
            "text": "руководство заключается в том, что мне нужна какая-то форма внутриигрового руководства, которая расскажет пользователю обо всех новых и улучшенных системах в моде. А построение всеобъемлющего повествования делает такое дело медленным. $(li)The $(l:bloodmagic:utility/alchemical_reaction_chamber)Alchemical Reaction Chamber$() ! Это многоцелевой блок, который может обрабатывать руды и является неотъемлемой частью для достижения уровня 4. Он все еще балансируется, поэтому любые отзывы по этому поводу будут высоко оценены. $(br2)Надеюсь, вам понравится мод! $(br) - WayofTime"
        }
    ]
}