{
    "name": "Уровни и начало работы",
    "icon": "bloodmagic:sacrificialdagger",
    "category": "bloodmagic:utility",
    "priority": "true",
    "pages": [
        {
            "type": "patchouli:text",
            "text": "$(blood)Blood Magic 3$() Прогресс все еще перерабатывается, и первые несколько шагов значительно отличаются от $(blood)Blood Magic 2$() 's. $(br2)Мы все еще переделываем наше руководство, но ждем, пока прогресс не будет зафиксирован. В то же время, вот краткий обзор того, как прогрессировать в $(blood)Blood Magic 3$() ."
        },
        {
            "type": "patchouli:spotlight",
            "item": "bloodmagic:altar",
            "title": "Blood Altar (Tier-1)",
            "text": "Первый шаг $(blood)Blood Magic$() это построить $(l:bloodmagic:altar/blood_altar)Blood Altar$() и $(l:bloodmagic:altar/blood_altar#knife)Sacrificial Knife$() . Используйте их для генерации $(blood)LP$() от Самопожертвование.$(br2)Используйте это $(blood)LP$() чтобы создать $(l:bloodmagic:altar/soul_network)Weak Blood Orb$() , несколько $(l:bloodmagic:altar/slates)Blank Slates$() , и несколько $(l:bloodmagic:demon_will/will_manipulation/soul_snare)Soul Snares$() ."
        },
        {
            "type": "patchouli:spotlight",
            "item": "bloodmagic:alchemytable",
            "title": "Alchemy Table (Tier-1)",
            "text": "The $(l:bloodmagic:alchemy_table/alchemy_table)Alchemy Table$() использует $(blood)LP$() от игрока $(thing)Soul Network$() (взято из $(l:bloodmagic:altar/soul_network)bound Blood Orb$() в нем) для создания различных предметов, таких как:$(li) $(l:bloodmagic:alchemy_array/functional_arrays/arcane_ash)Arcane Ashes$() $(ли) $(item)Reagents for Sigils$() $(ли) $(l:bloodmagic:alchemy_table/anointments)Anointments$() $(ли) $(thing)2x Ore Processing$() $(li)и разные другие мелочи."
        },
        {
            "type": "patchouli:spotlight",
            "item": "bloodmagic:arcaneashes",
            "title": "Alchemy Array (Tier-1)",
            "text": "Ан $(thing)Alchemy Array$() делается путем размещения некоторых $(l:bloodmagic:alchemy_array/functional_arrays/arcane_ash)Arcane Ashes$() на земле. Массив Алхимии может иметь 2 $(item)items$() вставлен в него через [$(k:use)], и либо создаст $(item)item$() (например, $(l:bloodmagic:alchemy_array/sigil/divination)Divination Sigil$() ) или выполнить $(thing)some kind of function$() (такой как $(l:bloodmagic:alchemy_array/functional_arrays/time_arrays)turning day into night$() )."
        },
        {
            "type": "patchouli:spotlight",
            "item": "bloodmagic:soulforge",
            "title": "Hellfire Forge (Tier-1)",
            "text": "The $(l:bloodmagic:demon_will/will_manipulation/soul_forge)Hellfire Forge$() ремесла с использованием $(l:bloodmagic:demon_will/will_manipulation/demon_will)Demon Will$() . Вы получаете свой первый $(raw)Will$() с помощью $(l:bloodmagic:demon_will/will_manipulation/soul_snare)Soul Snares$() , хотя обновление до $(l:bloodmagic:demon_will/demonic_items/sentient_sword)Sentient Sword$() рекомендуется. $(item)Hellfire Forge$() используется для вещей, напрямую связанных с $(raw)Demon Will$() (нравиться $(l:bloodmagic:demon_will/will_manipulation/soul_gem)Tartaric Gems$() и $(l:bloodmagic:demon_will/demonic_items/sentient_tools)Sentient Tools$() ), и расходные материалы (например, $(l:bloodmagic:demon_will/demonic_items/explosive_charges)Explosive Charges$() и $(l:bloodmagic:demon_will/demonic_items/throwing_daggers)Throwing Daggers$() )."
        },
        {
            "type": "patchouli:spotlight",
            "item": "bloodmagic:daggerofsacrifice",
            "title": "Tier Two",
            "text": "На этом этапе вы сможете создать $(l:bloodmagic:altar/blood_altar#dagger_of_sacrifice)Dagger of Sacrifice$() для того, чтобы убивать мобов для большего $(blood)LP$() . Различный $(item)Upgrade Runes$() должны быть доступны для вашего $(item)Blood Altar$() и еще кое-что $(item)Sigils$() будет доступен. Как и прежде, вам следует сосредоточиться на дальнейшем обновлении вашего $(l:bloodmagic:altar/blood_altar)Altar$() ."
        },
        {
            "type": "patchouli:spotlight",
            "item": "bloodmagic:alchemy_flask",
            "title": "Potioncrafting (Tier-2)",
            "text": "Если вы строите свой $(l:bloodmagic:altar/blood_altar)Altar$() становится утомительным и вы чувствуете необходимость отвлечься, почему бы не попробовать новые доступные $(l:bloodmagic:alchemy_table/potions)Potioncrafting$() система? вы сможете создать $(thing)Alchemy Flasks$() и наделить их буквально десятками эффектов."
        },
        {
            "type": "patchouli:spotlight",
            "item": "bloodmagic:ritualdiviner",
            "title": "Tier Three",
            "text": "К этому моменту вы уже сможете создавать некоторые базовые $(l:bloodmagic:rituals/ritual_basics)Rituals$() и $(l:bloodmagic:alchemy_array/living_equipment/living_basics)Living Armour$() также. Эта броня очень универсальна, хотя вам придется потрудиться, чтобы раскрыть весь ее потенциал. На этом этапе вам следует подумать об улучшении вашего $(l:bloodmagic:altar/blood_altar)Altar$() и ваш $(l:bloodmagic:rituals/ritual_diviner)Ritual Diviner$() чтобы разблокировать более мощные $(thing)Rituals$() . Как, вы говорите?"
        },
        {
            "type": "patchouli:spotlight",
            "item": "bloodmagic:simplekey",
            "title": "Dungeoneering (Tier-3)",
            "text": "Выполняя $(l:bloodmagic:rituals/ritual_list/ritual_simple_dungeon)Edge of the Hidden Realm$() , вот как! Это позволит вам ограниченный доступ к $(thing)Demon Realm$() , и, надеюсь, $(l:bloodmagic:dungeons/tau_fruit)Tau Fruit$() , которые можно выращивать в $(thing)Saturated Tau$() а затем преобразован в $(item)Weak Blood Shards$() в $(l:bloodmagic:utility/alchemical_reaction_chamber)Alchemical Reaction Chamber$() . Их можно использовать для создания Алтаря IV уровня, более мощного. $(l:bloodmagic:alchemy_table/anointments)Anointments$() , и $(l:bloodmagic:alchemy_table/potions#average_potions)Potion Catalysts$() ."
        },
        {
            "type": "patchouli:spotlight",
            "item": "bloodmagic:vengefulcrystal",
            "title": "Tier Four",
            "text": "Возможно, вам захочется взглянуть на $(l:bloodmagic:rituals/ritual_tinkerer)Ritual Tinkerer$() и различные виды $(l:bloodmagic:demon_will/will_manipulation/aspected_will)Will Aspects$() доступные вам, и подумайте, как их можно использовать для усовершенствования ваших существующих ритуалов и изменения того, как вы $(l:bloodmagic:demon_will/demonic_items/sentient_tools)Sentient Tools$() и $(l:bloodmagic:demon_will/demonic_items/sentient_sword)Weapons$() работать. Однако, чтобы продвинуться дальше этой точки, нужно углубиться в $(l:bloodmagic:rituals/ritual_list/ritual_standard_dungeon)Demon Realm$() понадобится..."
        },
        {
            "type": "patchouli:spotlight",
            "item": "bloodmagic:mineentrancekey",
            "title": "The Demon Realm (Tier-4)",
            "text": "Выполняя $(thing)Pathway to the Endless Realm$() , вы можете получить доступ к $(thing)Demon Realm$() собственно, вместе со всеми его сокровищами и ужасами. Приходите, экипированные для битвы! Копайте глубоко, и вы можете найти богатый источник $(l:bloodmagic:dungeons/demonite)Demonite Ore$() , которые можно объединить в блок и использовать для замковых камней на вашем алтаре, вместе с $(item)Archmage's Blood Orb$() ."
        },
        {
            "type": "patchouli:spotlight",
            "item": "bloodmagic:ingot_hellforged",
            "title": "Tier Five",
            "text": "Это верхний уровень. На этом этапе у вас есть доступ ко всему, что $(blood)Blood Magic$() может предложить. Продолжайте погружаться в Царство Демонов, чтобы охотиться за редкими сокровищами, и вам может повезти найти $(item)Intricate Hellforged Parts$() , который можно использовать вместе с некоторыми $(item)Netherite Scrap$() чтобы удвоить силу каждой из рун вашего алтаря!"
        },
        {
            "type": "patchouli:spotlight",
            "item": "minecraft:barrier",
            "title": "Tier Six?",
            "text": "Что? Нет. Смотрите, даже в 1.12 это существовало только как услуга для создателей пакетов и в остальном не было реализовано. Вы зашли слишком далеко. Вернитесь на страницу назад."
        }
    ]
}