{
    "name": "Алтарь для благовоний",
    "icon": "bloodmagic:incensealtar",
    "category": "bloodmagic:utility",
    "pages": [
        {
            "type": "patchouli:text",
            "text": "The $(item)Incense Altar$() представляет собой многоблочную структуру, которая может быть использована для повышения вашей самоотверженности $(l:bloodmagic:altar/blood_altar)Blood Altar$() . Стоя рядом с вашей установкой, $(item)Incense Altar$() успокоит вашу душу на основе общей площади $(thing)Tranquility$() , что позволит вам значительно увеличить свой $(blood)LP$() выгоды."
        },
        {
            "type": "patchouli:crafting",
            "recipe": "bloodmagic:incense_altar"
        },
        {
            "type": "patchouli:text",
            "text": "Базовая настройка уровня 1 $(item)Incense Altar$() это сам Алтарь; поместите его где угодно (Вы можете установить платформу размером 3x3 блока, это пригодится позже) и оставайтесь в радиусе 5 блоков от Алтаря. $(br2)Пока Алтарь работает, он будет испускать частицы пламени из своей вершины и преобразовывать ваш $(l:bloodmagic:altar/blood_altar#knife)Sacrificial Knife$() . Как только ваш нож начнет блестеть, удерживая и отпуская правую кнопку мыши, щелкните рядом с $(l:bloodmagic:altar/blood_altar)Blood Altar$() . сразу потеряет 90% вашего здоровья."
        },
        {
            "type": "patchouli:image",
            "images": [
                "bloodmagic:images/entries/utility/incense_altar1.png"
            ],
            "title": "Basic Setup",
            "border": true,
            "text": "Базовая установка, показывающая квадрат 3x3 блоков перед блоками пути."
        },
        {
            "type": "patchouli:text",
            "text": "Более того, исходя из общей суммы $(thing)Tranquility$() области, вы получите бонус к $(blood)LP$() добавлено к $(l:bloodmagic:altar/blood_altar)Blood Altar$() . Наведя курсор на $(item)Incense Altar$() либо с $(l:bloodmagic:alchemy_array/sigil/divination)Divination Signigl$(/l), либо $(l:bloodmagic:alchemy_array/sigil/seer)Seer's Sigil$() отобразит общую сумму $(thing)Tranquility$() настройки (верхнее число) и процентный бонус, полученный при жертвоприношении (нижнее число). Когда вы жертвуете, он возьмет $(blood)LP$() который вы обычно получаете, и умножьте его на (1 + бонус/100)."
        },
        {
            "type": "patchouli:image",
            "images": [
                "bloodmagic:images/entries/utility/incense_altar2.png"
            ],
            "title": "Incense HUD",
            "border": true,
            "text": "Интерфейс благовоний, по умолчанию в верхнем левом углу, показывает бонус самопожертвования +20%."
        },
        {
            "type": "patchouli:text",
            "text": "«Но, Уэй, как я могу увеличить этот бонус?» Почему, увеличивая $(thing)Tranquility$() окружающей местности! ...Это может быть немного двусмысленно. $(br2)Чтобы увеличить $(thing)Tranquility$() области, вы должны разместить пути, ведущие от вашего $(item)Incense Altar$() . Эти пути должны быть построены из трех широких наборов $(item)Path$() блоки, такие как $(item)Wooden Path$() , которые простираются от набора сплошных опорных блоков 3x3 во всех четырех направлениях."
        },
        {
            "type": "patchouli:crafting",
            "recipe": "bloodmagic:path/path_wood",
            "recipe2": "bloodmagic:path/path_woodtile"
        },
        {
            "type": "patchouli:crafting",
            "recipe": "bloodmagic:path/path_stone",
            "recipe2": "bloodmagic:path/path_stonetile"
        },
        {
            "type": "patchouli:crafting",
            "recipe": "bloodmagic:path/path_wornstone",
            "recipe2": "bloodmagic:path/path_wornstonetile"
        },
        {
            "type": "patchouli:crafting",
            "recipe": "bloodmagic:path/path_obsidian",
            "recipe2": "bloodmagic:path/path_obsidiantile"
        },
        {
            "type": "patchouli:text",
            "text": "Каждое новое «кольцо» блоков пути подчиняется ряду правил: $(li)Все блоки пути на одном кольце должны находиться на одном уровне Y.$(li)Следующее кольцо блоков пути не может быть выше/ниже предыдущего кольца более чем на 5 блоков.$(li)Блоки, которые находятся на том же уровне или на два блока выше кольца блоков пути, учитываются в общем зачете. $(thing)Tranquility$() - на рисунке они обозначены стеклянными блоками."
        },
        {
            "type": "patchouli:image",
            "images": [
                "bloodmagic:images/entries/utility/incense_altar.png"
            ],
            "title": "Incense Altar",
            "border": true,
            "text": "Алтарь для благовоний с различной ориентацией пути."
        },
        {
            "type": "patchouli:text",
            "text": "Кроме того:$(li)Эффективность каждого типа блока пути сохраняется только на определенном расстоянии: деревянные пути могут простираться только на три кольца от центра, каменные пути — на пять колец, изношенные каменные пути — на семь колец, а обсидиановые пути — на девять колец.$(bn2) Очевидно, что не каждый тип блока будет учитываться при подсчете $(thing)Tranquility$() . Не всякий булыжник подойдет, нет! Нам нужны посевы, грязь и даже... лава?"
        },
        {
            "type": "patchouli:text",
            "text": "Существует несколько категорий блоков, которые учитываются в общем количестве. $(thing)Tranquility$() . В произвольном порядке они таковы: Растения, Урожай, Деревья, Земля, Вода, Огонь и Лава. $(item)Incense Altar$() будет рассматривать все блоки, которые находятся в пределах его диапазона (заданного блоками пути) и составлять таблицу, сколько всего $(thing)Tranquility$() каждого типа есть. После этого он рассчитает общее количество $(thing)Tranquility$() путем извлечения квадратного корня $(thing)Tranquility$() каждого типа, а затем сложить их вместе."
        },
        {
            "type": "patchouli:text",
            "text": "Это означает, что для более поздних игровых конфигураций лучше иметь много разных типов $(thing)Tranquility$() . Хотя другие моды могут добавлять свои собственные, и позже будут добавлены новые блоки, которые способствуют $(thing)Tranquility$() являются: лава, вода (включая большинство затопленных блоков), эссенция жизни, адский рак, грязь, сельскохозяйственные угодья, картофель, морковь, пшеница, адский нарост, свекла, листья, бревна, огонь и трава."
        },
        {
            "type": "patchouli:image",
            "images": [
                "bloodmagic:images/entries/utility/incense_altar3.png"
            ],
            "title": "Incense Altar Setup",
            "border": true,
            "text": "Алтарь благовоний для поздней игры с множеством различных уровней."
        },
        {
            "type": "patchouli:text",
            "text": "Конечно, ваша установка может быть настолько крутой или пологой, насколько вы захотите (в пределах разумного, как определено ранее в этой записи). $(br2) Важно отметить, что $(thing)Tranquility bonus$() ограничен размером вашего Алтаря (и, следовательно, уровнем пути, который вы используете). Пределы следующие: $(li) Нет пути: 20%. $(li) Деревянный путь: 60%. $(li) Каменный путь: 120%. $(li) Изношенный каменный путь: 200%. $(li) Обсидиановый путь: 300%."
        },
        {
            "type": "patchouli:image",
            "images": [
                "bloodmagic:images/entries/utility/incense_altar4.png"
            ],
            "title": "Incense Altar Setup",
            "border": true,
            "text": "Очень просто $(item)Incense Altar$() Настройка. Обратите внимание на (необязательное) смешивание различных блоков пути."
        }
    ]
}