{
    "name": "Кристалл лавы",
    "icon": "bloodmagic:lavacrystal",
    "category": "bloodmagic:utility",
    "pages": [
        {
            "type": "patchouli:text",
            "text": "The $(item)Lava Crystal$() является источником большого тепла. Между $(fire)lava$() использованный при его создании и сила вашего $(l:bloodmagic:altar/soul_network)Soul Network$() , вы уверены, что он никогда не остынет.$(br2) Нажатие [$(k:use)] при взгляде на любой блок в мире поджечь его, что обойдется в 100 LP."
        },
        {
            "type": "patchouli:crafting",
            "recipe": "bloodmagic:lava_crystal",
            "text": "$(br)Кроме того, если поместить в топливный отсек $(item)Furnace$() , он будет действовать как бесконечный $(thing)fuel source$() , потребляя 50LP для горения в течение 10 секунд или достаточно долго для приготовления одного блюда."
        }
    ]
}