{
    "name": "Ведро Жизни",
    "icon": "bloodmagic:life_essence_bucket",
    "category": "bloodmagic:utility",
    "pages": [
        {
            "type": "patchouli:text",
            "text": "$(blood)Life Essence$() все хорошо и хорошо в $(l:bloodmagic:altar/blood_altar)Blood Altar$() , где его можно использовать для крафта или направить в $(l:bloodmagic:altar/soul_network)Orb$() к власти $(thing)Rituals$() , но что, если вы хотите построить ров из этого материала вокруг вашего $(l:bloodmagic:utility/incense_altar)Incense Altar$() ? К счастью, извлечение $(blood)Life Essence$() относительно тривиально. Просто поместите $(item)Bucket$() в $(l:bloodmagic:altar/blood_altar)Blood Altar$() и подождите несколько секунд, пока он заполнится. $(blood)1 LP$() =1мб, поэтому $(blood)1,000 LP$() должно быть достаточно для вашего $(item)Bucket$() ."
        },
        {
            "type": "bloodmagic:crafting_altar",
            "heading": "Bucket of Life",
            "recipe": "bloodmagic:altar/bucket_life",
            "text": "$(курсив)Это точно не кровь. Кровь бы уже свернулась. $(br2)... Why are you looking at me like that?$()"
        }
    ]
}