{
    "name": "ЕЩЕ НЕ РЕАЛИЗОВАНО",
    "icon": "minecraft:barrier",
    "category": "bloodmagic:utility",
    "extra_recipe_mappings": {
        "bloodmagic:lightritualstone": 0,
        "bloodmagic:mimic": 0,
        "bloodmagic:ethereal_mimic": 0,
        "bloodmagic:etherealslate": 0,
        "bloodmagic:nether_soil": 0,
        "bloodmagic:growing_doubt": 0,
        "bloodmagic:doubt_bucket": 0,
        "bloodmagic:activationcrystalawakened": 0,
        "bloodmagic:will_power_anointment": 0
    },
    "pages": [
        {
            "type": "patchouli:text",
            "text": "Ладно. Здесь ломается четвертая стена. $(blood)Blood Magic$() не полностью завершена функция, и некоторые вещи, которые вы можете вспомнить из более ранних версий, пока не реализованы. Некоторые из этих вещей могут вернуться в будущем, другие сделаны и запылены. (Смотрю на вас, Bound Armour and Weapons...)"
        },
        {
            "type": "patchouli:text",
            "text": "$(li)Ритуалы тайного пепла. Некоторые из них скоро вернутся(tm), пока что ждите и увидите. $(li)Ритуал связывания. Это вышло с 1.7.10, хватит спрашивать. $(li)Несовершенные ритуалы (Ляпис и т. д.) - некоторые из них были реализованы как массивы тайного пепла. $(li)Сигил замерзшего озера. $(li)Сигил эластичности. $(li)Сигил стихийного родства. $(li)Сигил когтя. $(li)Ритуал запрета. $(li)Ритуал сдерживания. $(li)Le Vulcano Frigius."
        },
        {
            "type": "patchouli:text",
            "text": "$(li)Ритуал подавления. $(li)Ритуальный демонтажник. $(li)Ритуальный прорицатель (Рассвет). $(li)Великий тартарский камень. $(li)Спектральное оружие и инструменты. $(li)Транспозиционная сигила. $(li)Сигила разрыва Эндера. $(li)Сигила сжатия. $(li)Сигила призрачного моста. $(li)Собрание высокого алтаря. $(li)Крик вечной души. $(li)Гимн сифонирования."
        },
        {
            "type": "patchouli:text",
            "text": "$(li)Врата Пади. $(li)Ритуал Пернатой Земли. $(li)Ритуал Изгнания. $(li)Пробужденный Кристалл Активации."
        },
        {
            "type": "patchouli:text",
            "text": "Другие вещи могут появляться или исчезать по мере продвижения мода. $(br2)Для получения дополнительной информации ознакомьтесь со следующим: $(li) $(l:https://github.com/WayofTime/BloodMagic)Blood Magic Github$() , $(ли)те $(l:https://www.curseforge.com/minecraft/mc-mods/blood-magic)Blood Magic Curseforge Page$() , $(li)и $(l:https://discord.gg/VtNrGrs)Blood Magic Discord$() ."
        },
        {
            "type": "patchouli:text",
            "text": "Это руководство было составлено Wrincewind и VT-14 на основе оригинального руководства Уэя с некоторой помощью от Patchouli и MinecraftGuides.net. Спасибо за игру! :)"
        }
    ]
}