{
    "name": "Переработка руды",
    "icon": "bloodmagic:basiccuttingfluid",
    "category": "bloodmagic:utility",
    "extra_recipe_mappings": {
        "bloodmagic:copperfragment": 7,
        "bloodmagic:goldfragment": 7,
        "bloodmagic:fragment_netherite_scrap": 7,
        "bloodmagic:coppergravel": 9,
        "bloodmagic:goldgravel": 9,
        "bloodmagic:gravel_netherite_scrap": 9,
        "bloodmagic:coppersand": 7,
        "bloodmagic:sand_netherite": 7
    },
    "pages": [
        {
            "type": "patchouli:text",
            "text": "The $(l:bloodmagic:alchemy_table/alchemy_table)Alchemy Table$() может быть использован, среди прочего, для удвоения руды, в то время как $(l:bloodmagic:utility/alchemical_reaction_chamber)Alchemical Reaction Chamber$() может дать вам 2,5 слитка за штуку $(item)Raw Ore$() , или 4,5 слитка в $(item)Ore Block$() . Добудьте больше руды в своих горнодобывающих экспедициях с помощью силы крови!"
        },
        {
            "type": "bloodmagic:crafting_alchemy_table",
            "heading": "Basic Cutting Fluid",
            "anchor": "cutting_fluid",
            "recipe": "bloodmagic:alchemytable/basic_cutting_fluid_sigil",
            "text": "$(item)Cutting Fluid$() является предпоследним шагом во всех формах переработки руды. Его можно использовать в $(l:bloodmagic:utility/alchemical_reaction_chamber)Камере алхимической реакции$(/l), чтобы получить 3 рудных песка из одного рудного блока или 1,5 рудных песка из одной сырой руды (в среднем). В то время как $(l:bloodmagic:alchemy_array/sigil/water)Water Sigil$() используется в этой демонстрации, простой $(water)Bottle of Water$() может быть использован."
        },
        {
            "type": "bloodmagic:crafting_alchemy_table",
            "heading": "Intermediate Cutting Fluid",
            "anchor": "intermediate_cutting_fluid",
            "recipe": "bloodmagic:alchemytable/intermediate_cutting_fluid_sigil",
            "text": "Intermediate Cutting Fluid — улучшенная версия, которая служит в восемь раз дольше и увеличивает скорость крафта на 50%. Вам придется пойти $(l:bloodmagic:dungeons/lobby)Dungeon Delving$() для $(l:bloodmagic:dungeons/tau_fruit)Tau Oil$() , хотя."
        },
        {
            "type": "bloodmagic:crafting_alchemy_table",
            "heading": "Advanced Cutting Fluid",
            "anchor": "advanced_cutting_fluid",
            "recipe": "bloodmagic:alchemytable/advance_cutting_fluid_sigil",
            "text": "Advanced Cutting Fluid служит в шестнадцать раз дольше, удваивает скорость крафта и удваивает шанс получения бонусных результатов от любых рецептов, в которых он используется. Вам придется провести некоторые глубокие исследования. $(l:bloodmagic:dungeons/endless_realm)Dungeon Delving$() для $(l:bloodmagic:dungeons/demonite)Hellforged Sand$() это необходимо."
        },
        {
            "type": "bloodmagic:2x_crafting_alchemy_table",
            "a.heading": "Iron Sand",
            "a.recipe": "bloodmagic:alchemytable/sand_iron",
            "b.heading": "Gold Sand",
            "b.recipe": "bloodmagic:alchemytable/sand_gold"
        },
        {
            "type": "bloodmagic:crafting_arc",
            "heading": "Ore to 3 Metal Sand",
            "recipe": "bloodmagic:arc/dustsfrom_ore_iron",
            "text": "Получив доступ к $(l:bloodmagic:utility/alchemical_reaction_chamber)Камере алхимической реакции$(/l), вы сможете получать 3 песка из каждой добытой руды."
        },
        {
            "type": "patchouli:smelting",
            "recipe": "bloodmagic:smelting/ingot_iron",
            "recipe2": "bloodmagic:smelting/ingot_gold"
        },
        {
            "type": "bloodmagic:crafting_alchemy_table",
            "heading": "Explosive Powder",
            "anchor": "ore_processing",
            "recipe": "bloodmagic:alchemytable/explosive_powder",
            "text": "$(item)Explosive Powder$() в $(item)ARC$() используется для поворота $(item)Ores$() в 4.5 $(item)Ore Fragments$() в среднем, или $(item)Raw Ores$() в среднем в 2,25 руды, или превратить $(item)Ingots$() в их $(item)Sand$() вариант. Он также может превратиться $(fire)Netherrack$() в $(air)Sulfur$() и 50мб $(fire)Lava$() . Имеет 2 улучшенных варианта, см. на обороте."
        },
        {
            "type": "bloodmagic:2x_crafting_alchemy_table",
            "a.heading": "Reinforced Explosive Cell",
            "a.recipe": "bloodmagic:alchemytable/explosive_cell",
            "b.heading": "Hellforged Explosive Cell",
            "b.recipe": "bloodmagic:alchemytable/hellforged_explosive_cell",
            "text": "Усиленные и выкованные в аду взрывчатые элементы служат дольше и изготавливаются быстрее, чем базовый вариант."
        },
        {
            "type": "bloodmagic:3x_crafting_arc",
            "a.heading": "Raw Ore to Fragments",
            "a.recipe": "bloodmagic:arc/fragmentsiron",
            "b.heading": "Ore to Fragments",
            "b.recipe": "bloodmagic:arc/fragmentsfrom_ore_iron",
            "c.heading": "Sulfur and Lava",
            "c.recipe": "bloodmagic:arc/netherrack_to_sulfer",
            "c.fluid_output": "minecraft:lava_bucket"
        },
        {
            "type": "bloodmagic:crafting_soulforge",
            "heading": "Resonator",
            "recipe": "bloodmagic:soulforge/resonator",
            "text": "The $(item)Resonator$() используется для поворота $(item)Ore Fragments$() в соответствующий $(item)Gravel$() для дальнейшей переработки руды и создает $(item)Tiny Corrupted Dust$() . Усиленный резонатор имеет прочность в 4 раза больше, а адский резонатор имеет прочность в 16 раз больше и удваивает любые бонусные выходы."
        },
        {
            "type": "bloodmagic:2x_crafting_soulforge",
            "a.heading": "Reinforced Resonator",
            "a.recipe": "bloodmagic:soulforge/primitive_resonator",
            "b.heading": "Hellforged Resonator",
            "b.recipe": "bloodmagic:soulforge/hellforged_resonator"
        },
        {
            "type": "bloodmagic:2x_crafting_arc",
            "a.heading": "Fragment to Gravel",
            "a.recipe": "bloodmagic:arc/gravelsiron",
            "b.heading": "Gravel to Sand",
            "b.recipe": "bloodmagic:arc/dustsfrom_gravel_iron"
        },
        {
            "type": "patchouli:crafting",
            "heading": "Corrupted Dust",
            "recipe": "bloodmagic:corrupted_dust",
            "text": "Крошечную поврежденную пыль можно объединить в $(item)Corrupted Dust$() , которые можно использовать для дальнейшего повышения выхода других руд. См. на обороте некоторые примеры."
        },
        {
            "type": "bloodmagic:3x_crafting_alchemy_table",
            "a.heading": "Corrupted Coal",
            "a.recipe": "bloodmagic:alchemytable/corrupted_coal",
            "b.heading": "Corrupted Iron",
            "b.recipe": "bloodmagic:alchemytable/corrupted_iron",
            "c.heading": "Corrupted Debris",
            "c.recipe": "bloodmagic:alchemytable/corrupted_netherite"
        },
        {
            "type": "patchouli:crafting",
            "heading": "Fuel Cell (Furnace)",
            "recipe": "bloodmagic:primitive_furnace_cell",
            "text": "The $(item)ARC$() также функционирует как $(thing)Furnace$() , но единственными источниками топлива, которые он принимает, являются $(item)Primitive Fuel Cell$() или $(l:bloodmagic:utility/lava_crystal)Кристалл лавы$(/l)."
        },
        {
            "type": "patchouli:text",
            "text": "The $(item)Primitive Fuel Cell$() подходит для 128 индивидуальных применений. Это больше, чем $(item)Block of Coal$() используется для его изготовления (60 предметов), и поскольку он теряет прочность только после завершения изготовления, топливо не расходуется."
        }
    ]
}