{
    "name": "Телепозеры",
    "icon": "bloodmagic:teleposerfocus",
    "category": "bloodmagic:utility",
    "pages": [
        {
            "type": "patchouli:text",
            "text": "$(item)Teleposers$() позволяют форму $(fire)Redstone Controlled$() телепортация. Просто создайте $(item)Teleposition Focus$() (на обороте), привяжите его к целевому телепозеру, поместите его в другой телепозер и примените сигнал красного камня к телепозеру с фокусом в нем. Все — блоки, предметы, сущности, игроки — в определенной области над двумя телепозерами будут поменяны местами."
        },
        {
            "type": "patchouli:crafting",
            "recipe": "bloodmagic:teleposer",
            "text": "Однако ничто не дается бесплатно; транспортировка блоков или объектов через телепозер будет стоить $(blood)1 LP$() каждый за каждые два пройденных блока, максимум $(blood)1,000 LP$() за блок/сущность, или $(blood)10,000 LP$() общий."
        },
        {
            "type": "bloodmagic:crafting_altar",
            "heading": "Teleposition Focus",
            "recipe": "bloodmagic:altar/teleposer_focus",
            "text": "Основной $(item)Teleposer Focus$() поменяет местами все, что находится в области размером 1x1x1 над двумя телепозиторами."
        },
        {
            "type": "bloodmagic:crafting_altar",
            "heading": "Enhanced Focus",
            "recipe": "bloodmagic:altar/enhanced_teleposer_focus",
            "text": "The $(item)Enhanced Teleposer Focus$() поменяет местами все, что находится в области размером 3x3x3 блока, расположенной прямо над двумя телепозиторами."
        },
        {
            "type": "patchouli:crafting",
            "recipe": "bloodmagic:enhanced_teleposer_focus",
            "text": "The $(item)Reinforced Teleposer Focus$() поменяет местами все, что находится в области размером 5x5x5 блоков, расположенной прямо над двумя телепозиторами."
        },
        {
            "type": "patchouli:text",
            "text": "Телепозеры могут быть связаны односторонним образом (таким образом, что сигнал красного камня на выходящем Телепозере ничего не делает), двусторонним образом (таким образом, что в каждом Телепозере есть Фокус, связанный с другим Телепозером, что позволяет вам телепортироваться туда и обратно по сигналу красного камня с любого конца), или их можно даже соединить в цепочку — от A к B, к C и обратно к A. От систем лифтов, пересекающих базу, до сложных подземных лабиринтов — с ума сойти!"
        }
    ]
}