{
    "name": "Основы алхимического массива",
    "icon": "bloodmagic:arcaneashes",
    "category": "bloodmagic:alchemy_array/functional_array",
    "pages": [
        {
            "type": "patchouli:text",
            "text": "$(item)Arcane Ashes$() являются элементом, который играет ключевую роль в создании алхимических массивов. $(item)Arcane Ashes$() может быть изготовлен в $(l:bloodmagic:alchemy_table/alchemy_table)Alchemy Table$() используя некоторые предметы из ранней игры."
        },
        {
            "type": "bloodmagic:crafting_alchemy_table",
            "heading": "Arcane Ashes",
            "recipe": "bloodmagic:alchemytable/arcane_ash"
        },
        {
            "type": "patchouli:text",
            "text": "Чтобы создать массив алхимии, нажмите [$(k:use)], глядя на блок с $(item)Arcane Ashes$() в руке. Это израсходует 1 прочность из 20 от $(item)Arcane Ashes$() и нарисуйте простой $(thing)Alchemy Array$() , который сам по себе не имеет никакого эффекта. $(br2)Когда вы нажимаете на $(thing)Alchemy Array$() , он будет потреблять один $(item)item$() из стопки в вашей руке и держите ее в массиве. Эти элементы затем используются для определения $(thing)Alchemy Array$() Эффект."
        },
        {
            "type": "patchouli:image",
            "images": [
                "bloodmagic:images/entries/alchemy_array/simple_array.png",
                "bloodmagic:images/entries/alchemy_array/divination_array_1.png",
                "bloodmagic:images/entries/alchemy_array/divination_array_2.png"
            ],
            "title": "Alchemy Array",
            "border": true,
            "text": "$(thing)Alchemy Array$() показывающий массив без входных данных; только $(item)base item$() ; оба $(item)base$() и $(item)catalyst$() ."
        },
        {
            "type": "patchouli:text",
            "text": "Для каждого эффекта требуются два предмета: $(item)base$() и а $(item)catalyst$() . $(item)base$() это первый элемент, на который вы нажимаете в массиве после его рисования, и $(item)catalyst$() это второй элемент. Когда вы применяете базовый элемент, дизайн массива изменится, если он действителен, и массив активируется, как только вы примените катализатор."
        },
        {
            "type": "patchouli:text",
            "text": "Хотя в настоящее время реализовано лишь несколько массивов, в конечном итоге у вас будут массивы, варьирующиеся от простых $(l:bloodmagic:alchemy_array/functional_arrays/crafting_array)массивов крафта$(/l) до даже массивов телепортации."
        }
    ]
}