{
    "name": "Создание с помощью массивов",
    "icon": "bloodmagic:divinationsigil",
    "category": "bloodmagic:alchemy_array/functional_array",
    "pages": [
        {
            "type": "patchouli:text",
            "text": "$(1)Alchemy Arrays of Crafting$() являются одной из самых простых форм массива. Эти массивы вписывают $(item)base item$() на $(item)catalyst$() , превращая их обоих в полезный предмет (после небольшой, красивой анимации)."
        },
        {
            "type": "patchouli:text",
            "text": "Хотя некоторые из этих полученных предметов можно создать $(l:bloodmagic:alchemy_array/sigil/divination)с использованием очень простых ингредиентов$(/l), для создания других нужны дополнительные шаги."
        }
    ]
}