{
    "name": "Массив Движения",
    "icon": "minecraft:feather",
    "category": "bloodmagic:alchemy_array/functional_array",
    "pages": [
        {
            "type": "patchouli:text",
            "text": "Массивы движения — это пара массивов, которые бросают игроков, мобов, предметы и т. д. в определенном направлении. Один будет бросать предметы горизонтально, а другой — вертикально."
        },
        {
            "type": "bloodmagic:2x_functional_array",
            "a.heading": "Speed Array",
            "a.recipe": "bloodmagic:array/movement",
            "a.image": "movementarray.png",
            "b.heading": "Updraft Array",
            "b.recipe": "bloodmagic:array/updraft",
            "b.image": "updraftarray.png"
        }
    ]
}