{
    "name": "Массив шипов",
    "icon": "minecraft:iron_ingot",
    "category": "bloodmagic:alchemy_array/functional_array",
    "pages": [
        {
            "type": "patchouli:text",
            "text": "Spike Array — довольно простой массив с одной целью. Когда живое существо входит в массив, оно получает полный урон. Это хорошо для ловушек для мобов или для того, чтобы сделать вашу базу немного более шипастой для игроков."
        },
        {
            "type": "bloodmagic:functional_array",
            "heading": "Spike Array",
            "recipe": "bloodmagic:array/spike",
            "image": "spikearray.png"
        }
    ]
}