{
    "name": "Массивы день/ночь",
    "icon": "minecraft:clock",
    "category": "bloodmagic:alchemy_array/functional_array",
    "pages": [
        {
            "type": "patchouli:text",
            "text": "Массивы, основанные на времени, — это простые массивы, которые управляют временем суток. Элементы будут потреблены, как только массив начнет менять время. Эти рецепты временные и изменятся в будущем. $(br2) Массив Day изменит время суток на следующий восход солнца. Массив Night изменит время суток на следующий закат."
        },
        {
            "type": "bloodmagic:2x_functional_array",
            "a.heading": "New Dawn",
            "a.recipe": "bloodmagic:array/day",
            "a.image": "sunarray.png",
            "b.heading": "True Twilight",
            "b.recipe": "bloodmagic:array/night",
            "b.image": "moonarray.png"
        }
    ]
}