{
    "name": "Польский язык Арчера",
    "icon": "bloodmagic:bow_velocity_anointment",
    "category": "bloodmagic:alchemy_table/anointments",
    "pages": [
        {
            "type": "bloodmagic:crafting_alchemy_table",
            "heading": "Archer's Polish",
            "recipe": "bloodmagic:alchemytable/bow_velocity_anointment",
            "text": "Увеличивает скорость выпущенных стрел на 50%. Это также пропорционально увеличивает урон, наносимый вашими стрелами. Также складывается с ванильными чарами. $(br2)Допустимые предметы: Луки, Арбалеты.$(br2)Применяется: Снайперская стрельба I (256 выстрелов)"
        },
        {
            "type": "bloodmagic:crafting_alchemy_table",
            "heading": "Archer's Polish L",
            "recipe": "bloodmagic:alchemytable/bow_velocity_anointment_l",
            "text": "Эта улучшенная версия помазания действует в четыре раза дольше. $(br2)Применяется: Снайперская стрельба I (1024 выстрела)"
        },
        {
            "type": "bloodmagic:crafting_alchemy_table",
            "heading": "Archer's Polish II",
            "recipe": "bloodmagic:alchemytable/bow_velocity_anointment_2",
            "text": "Эта улучшенная версия помазания вместо этого увеличивает скорость на 100%. $(br2)Применяется: Снайперская стрельба II (256 выстрелов)"
        },
        {
            "type": "bloodmagic:crafting_alchemy_table",
            "heading": "Archer's Polish XL",
            "recipe": "bloodmagic:alchemytable/bow_velocity_anointment_xl",
            "text": "Эта улучшенная версия помазания действует в шестнадцать раз дольше. $(br2)Применяется: Снайперская стрельба I (4096 выстрелов)"
        },
        {
            "type": "bloodmagic:crafting_alchemy_table",
            "heading": "Archer's Polish III",
            "recipe": "bloodmagic:alchemytable/bow_velocity_anointment_3",
            "text": "Эта улучшенная версия помазания вместо этого увеличивает скорость на 150%. $(br2)Применяется: Снайперская стрельба III (256 выстрелов)"
        }
    ]
}