{
    "name": "Железный наконечник",
    "icon": "bloodmagic:bow_power_anointment",
    "category": "bloodmagic:alchemy_table/anointments",
    "pages": [
        {
            "type": "bloodmagic:crafting_alchemy_table",
            "heading": "Iron Tip",
            "recipe": "bloodmagic:alchemytable/bow_power_anointment",
            "text": "Увеличивает урон от выпущенных стрел на 25%. Также складывается с ванильными чарами. $(br2)Допустимые предметы: Луки, Арбалеты.$(br2)Применяется: Тяжелый выстрел I (256 выстрелов)"
        },
        {
            "type": "bloodmagic:crafting_alchemy_table",
            "heading": "Iron Tip L",
            "recipe": "bloodmagic:alchemytable/bow_power_anointment_l",
            "text": "Эта улучшенная версия помазания действует в четыре раза дольше. $(br2)Применяется: Тяжелый выстрел I (1024 выстрела)"
        },
        {
            "type": "bloodmagic:crafting_alchemy_table",
            "heading": "Iron Tip II",
            "recipe": "bloodmagic:alchemytable/bow_power_anointment_2",
            "text": "Эта улучшенная версия помазания вместо этого увеличивает урон на 50%. $(br2)Применяется: Тяжелый выстрел II (256 выстрелов)"
        },
        {
            "type": "bloodmagic:crafting_alchemy_table",
            "heading": "Iron Tip XL",
            "recipe": "bloodmagic:alchemytable/bow_power_anointment_xl",
            "text": "Эта улучшенная версия помазания действует в шестнадцать раз дольше. $(br2)Применяется: Тяжелый выстрел I (4096 выстрелов)"
        },
        {
            "type": "bloodmagic:crafting_alchemy_table",
            "heading": "Iron Tip III",
            "recipe": "bloodmagic:alchemytable/bow_power_anointment_3",
            "text": "Эта улучшенная версия помазания вместо этого увеличивает урон на 75%. $(br2)Применяется: Тяжелый выстрел III (256 выстрелов)"
        }
    ]
}