{
    "name": "Экстракт Фортуны",
    "icon": "bloodmagic:fortune_anointment",
    "category": "bloodmagic:alchemy_table/anointments",
    "pages": [
        {
            "type": "bloodmagic:crafting_alchemy_table",
            "heading": "Fortuna Extract",
            "recipe": "bloodmagic:alchemytable/fortune_anointment",
            "text": "Увеличивает урожайность некоторых собираемых блоков. Также складывается с чарами «Удача». $(br2)Допустимые предметы: Инструменты, Мечи, Заряды. $(br2)Применяется: Удача I (256 блоков)"
        },
        {
            "type": "bloodmagic:crafting_alchemy_table",
            "heading": "Fortuna Extract L",
            "recipe": "bloodmagic:alchemytable/fortune_anointment_l",
            "text": "Эта улучшенная версия помазания длится в четыре раза дольше. $(br2)Применяется: Удачливый I (1024 блока)"
        },
        {
            "type": "bloodmagic:crafting_alchemy_table",
            "heading": "Fortuna Extract II",
            "recipe": "bloodmagic:alchemytable/fortune_anointment_2",
            "text": "Эта улучшенная версия помазания увеличивает урожайность. $(br2)Применяется: Fortunate II (256 блоков)"
        },
        {
            "type": "bloodmagic:crafting_alchemy_table",
            "heading": "Fortuna Extract XL",
            "recipe": "bloodmagic:alchemytable/fortune_anointment_xl",
            "text": "Эта улучшенная версия помазания длится в шестнадцать раз дольше. $(br2)Применяется: Удачливый I (4096 блоков)"
        },
        {
            "type": "bloodmagic:crafting_alchemy_table",
            "heading": "Fortuna Extract III",
            "recipe": "bloodmagic:alchemytable/fortune_anointment_3",
            "text": "Эта улучшенная версия помазания увеличивает урожайность. $(br2)Применяется: Fortunate III (256 блоков)"
        }
    ]
}