{
    "name": "Секреты шахтера",
    "icon": "bloodmagic:hidden_knowledge_anointment",
    "category": "bloodmagic:alchemy_table/anointments",
    "pages": [
        {
            "type": "bloodmagic:crafting_alchemy_table",
            "heading": "Miner's Secrets",
            "recipe": "bloodmagic:alchemytable/hidden_knowledge_anointment",
            "text": "Блоки, выпадающие с опытом, выпадают с дополнительным опытом при успешном сборе. Выпадает +2 опыта за блок. Расходуется при выпадении дополнительного опыта.$(br2)Допустимые предметы: Инструменты, Мечи.$(br2)Применяется: Секреты шахтера I (256 блоков, выпадающих с опытом)"
        },
        {
            "type": "bloodmagic:crafting_alchemy_table",
            "heading": "Miner's Secrets L",
            "recipe": "bloodmagic:alchemytable/hidden_knowledge_anointment_l",
            "text": "Эта улучшенная версия помазания действует в четыре раза дольше. $(br2)Применяется: Секреты шахтера I (1024 блока, дающих опыт)"
        },
        {
            "type": "bloodmagic:crafting_alchemy_table",
            "heading": "Miner's Secrets II",
            "recipe": "bloodmagic:alchemytable/hidden_knowledge_anointment_2",
            "text": "Эта улучшенная версия помазания увеличивает выход до +4 опыта за блок. $(br2)Применяется: Miner's Secrets II (256 блоков, дающих опыт)"
        },
        {
            "type": "bloodmagic:crafting_alchemy_table",
            "heading": "Miner's Secrets XL",
            "recipe": "bloodmagic:alchemytable/hidden_knowledge_anointment_xl",
            "text": "Эта улучшенная версия помазания действует в шестнадцать раз дольше. $(br2)Применяется: Секреты шахтера I (4096 блоков, дающих опыт)"
        },
        {
            "type": "bloodmagic:crafting_alchemy_table",
            "heading": "Miner's Secrets III",
            "recipe": "bloodmagic:alchemytable/hidden_knowledge_anointment_3",
            "text": "Эта улучшенная версия помазания увеличивает выход до +6 опыта за блок. $(br2)Применяется: Miner's Secrets III (256 блоков, дающих опыт)"
        }
    ]
}