{
    "name": "Святая вода",
    "icon": "bloodmagic:holy_water_anointment",
    "category": "bloodmagic:alchemy_table/anointments",
    "pages": [
        {
            "type": "bloodmagic:crafting_alchemy_table",
            "heading": "Holy Water",
            "recipe": "bloodmagic:alchemytable/holy_water_anointment",
            "text": "Временно увеличивает урон в ближнем бою, наносимый нежити, на +5. $(br2)Допустимые предметы: Инструменты, Мечи. $(br2)Применяется: Святой Свет I (256 ударов)"
        },
        {
            "type": "bloodmagic:crafting_alchemy_table",
            "heading": "Holy Water L",
            "recipe": "bloodmagic:alchemytable/holy_water_anointment_l",
            "text": "Эта улучшенная версия помазания длится в четыре раза дольше. $(br2)Применяется: Holy Light I (1024 удара)"
        },
        {
            "type": "bloodmagic:crafting_alchemy_table",
            "heading": "Holy Water II",
            "recipe": "bloodmagic:alchemytable/holy_water_anointment_2",
            "text": "Эта улучшенная версия помазания увеличивает урон в ближнем бою, наносимый нежити, на +10. $(br2)Применяется: Holy Light II (256 ударов)"
        },
        {
            "type": "bloodmagic:crafting_alchemy_table",
            "heading": "Holy Water XL",
            "recipe": "bloodmagic:alchemytable/holy_water_anointment_xl",
            "text": "Эта улучшенная версия помазания длится в шестнадцать раз дольше. $(br2)Применяется: Holy Light I (4096 попаданий)"
        },
        {
            "type": "bloodmagic:crafting_alchemy_table",
            "heading": "Holy Water III",
            "recipe": "bloodmagic:alchemytable/holy_water_anointment_3",
            "text": "Эта улучшенная версия помазания увеличивает урон в ближнем бою, наносимый нежити, на +15. $(br2)Применяется: Holy Light III (256 ударов)"
        }
    ]
}