{
    "name": "Блеск грабителя",
    "icon": "bloodmagic:looting_anointment",
    "category": "bloodmagic:alchemy_table/anointments",
    "pages": [
        {
            "type": "bloodmagic:crafting_alchemy_table",
            "heading": "Plunderer's Glint",
            "recipe": "bloodmagic:alchemytable/looting_anointment",
            "text": "Увеличивает количество выпадающих предметов из убитых мобов. Также складывается с зачарованием «Мародерство».$(br2)Допустимые предметы: Инструменты, Мечи.$(br2)Применяется: Грабеж I (256 попаданий)"
        },
        {
            "type": "bloodmagic:crafting_alchemy_table",
            "heading": "Plunderer's Glint L",
            "recipe": "bloodmagic:alchemytable/looting_anointment_l",
            "text": "Эта улучшенная версия помазания длится в четыре раза дольше. $(br2)Применяется: Разграбление I (1024 попадания)"
        },
        {
            "type": "bloodmagic:crafting_alchemy_table",
            "heading": "Plunderer's Glint II",
            "recipe": "bloodmagic:alchemytable/looting_anointment_2",
            "text": "Эта улучшенная версия помазания еще больше увеличивает количество выпадений с убитых мобов. $(br2)Применяется: Разграбление II (256 попаданий)"
        },
        {
            "type": "bloodmagic:crafting_alchemy_table",
            "heading": "Plunderer's Glint XL",
            "recipe": "bloodmagic:alchemytable/looting_anointment_xl",
            "text": "Эта улучшенная версия помазания длится в шестнадцать раз дольше. $(br2)Применяется: Разграбление I (4096 попаданий)"
        },
        {
            "type": "bloodmagic:crafting_alchemy_table",
            "heading": "Plunderer's Glint III",
            "recipe": "bloodmagic:alchemytable/looting_anointment_3",
            "text": "Эта улучшенная версия помазания еще больше увеличивает количество выпадений с убитых мобов. $(br2)Применяется: Разграбление III (256 попаданий)"
        }
    ]
}