{
    "name": "Масло для хонингования",
    "icon": "bloodmagic:melee_anointment",
    "category": "bloodmagic:alchemy_table/anointments",
    "pages": [
        {
            "type": "bloodmagic:crafting_alchemy_table",
            "heading": "Honing Oil",
            "recipe": "bloodmagic:alchemytable/melee_damage_anointment",
            "text": "Временно увеличивает наносимый урон в ближнем бою на +3. $(br2)Допустимые предметы: Инструменты, Мечи.$(br2)Применяется: Точильный камень I (256 ударов)"
        },
        {
            "type": "bloodmagic:crafting_alchemy_table",
            "heading": "Honing Oil L",
            "recipe": "bloodmagic:alchemytable/melee_damage_anointment_l",
            "text": "Эта улучшенная версия помазания действует в четыре раза дольше. $(br2)Применяется: Точильный камень I (1024 попадания)"
        },
        {
            "type": "bloodmagic:crafting_alchemy_table",
            "heading": "Honing Oil II",
            "recipe": "bloodmagic:alchemytable/melee_damage_anointment_2",
            "text": "Эта улучшенная версия помазания увеличивает урон в ближнем бою на +6. $(br2)Применяется: Точильный камень II (256 ударов)"
        },
        {
            "type": "bloodmagic:crafting_alchemy_table",
            "heading": "Honing Oil XL",
            "recipe": "bloodmagic:alchemytable/melee_damage_anointment_xl",
            "text": "Эта улучшенная версия помазания длится в шестнадцать раз дольше. $(br2)Применяется: Точильный камень I (4096 попаданий)"
        },
        {
            "type": "bloodmagic:crafting_alchemy_table",
            "heading": "Honing Oil III",
            "recipe": "bloodmagic:alchemytable/melee_damage_anointment_3",
            "text": "Эта улучшенная версия помазания увеличивает урон в ближнем бою на +9. $(br2)Применяется: Точильный камень III (256 ударов)"
        }
    ]
}