{
    "name": "Ловкость Алкахест",
    "icon": "bloodmagic:quick_draw_anointment",
    "category": "bloodmagic:alchemy_table/anointments",
    "pages": [
        {
            "type": "bloodmagic:crafting_alchemy_table",
            "heading": "Dexterity Alkahest",
            "recipe": "bloodmagic:alchemytable/quick_draw_anointment",
            "text": "Сокращает время натяжения луков и арбалетов на 33%. $(br2)Допустимые предметы: Луки, Арбалеты.$(br2)Применяется: Ловкие руки I (256 выстрелов)"
        },
        {
            "type": "bloodmagic:crafting_alchemy_table",
            "heading": "Dexterity Alkahest L",
            "recipe": "bloodmagic:alchemytable/quick_draw_anointment_l",
            "text": "Эта улучшенная версия помазания действует в четыре раза дольше. $(br2)Применяется: Ловкие руки I (1024 выстрела)"
        },
        {
            "type": "bloodmagic:crafting_alchemy_table",
            "heading": "Dexterity Alkahest II",
            "recipe": "bloodmagic:alchemytable/quick_draw_anointment_2",
            "text": "Эта улучшенная версия помазания сокращает время натягивания луков и арбалетов на 50%. $(br2)Применяется: Ловкие руки II (256 выстрелов)"
        },
        {
            "type": "bloodmagic:crafting_alchemy_table",
            "heading": "Dexterity Alkahest XL",
            "recipe": "bloodmagic:alchemytable/quick_draw_anointment_xl",
            "text": "Эта улучшенная версия помазания действует в шестнадцать раз дольше. $(br2)Применяется: Ловкие руки I (4096 выстрелов)"
        },
        {
            "type": "bloodmagic:crafting_alchemy_table",
            "heading": "Dexterity Alkahest III",
            "recipe": "bloodmagic:alchemytable/quick_draw_anointment_3",
            "text": "Эта улучшенная версия помазания сокращает время натягивания луков и арбалетов на 67%. $(br2)Применяется: Ловкие руки III (256 выстрелов)"
        }
    ]
}