{
    "name": "Мягкое покрытие",
    "icon": "bloodmagic:silk_touch_anointment",
    "category": "bloodmagic:alchemy_table/anointments",
    "pages": [
        {
            "type": "bloodmagic:crafting_alchemy_table",
            "heading": "Soft Coating",
            "recipe": "bloodmagic:alchemytable/silk_touch_anointment",
            "text": "Применяет Silk Touch к собранным блокам. Не суммируется с ванильными чарами.$(br2)Допустимые предметы: Инструменты, Мечи, Заряды.$(br2)Применяется: Soft Touch I (256 блоков)"
        },
        {
            "type": "bloodmagic:crafting_alchemy_table",
            "heading": "Soft Coating L",
            "recipe": "bloodmagic:alchemytable/silk_touch_anointment_l",
            "text": "Эта улучшенная версия помазания длится в четыре раза дольше. $(br2)Применяется: Мягкое касание I (1024 блока)"
        },
        {
            "type": "bloodmagic:crafting_alchemy_table",
            "heading": "Soft Coating XL",
            "recipe": "bloodmagic:alchemytable/silk_touch_anointment_xl",
            "text": "Эта улучшенная версия помазания длится в шестнадцать раз дольше. $(br2)Применяется: Мягкое касание I (4096 блоков)"
        }
    ]
}