{
    "name": "Медленногорящая нефть",
    "icon": "bloodmagic:smelting_anointment",
    "category": "bloodmagic:alchemy_table/anointments",
    "pages": [
        {
            "type": "bloodmagic:crafting_alchemy_table",
            "heading": "Slow-burning Oil",
            "recipe": "bloodmagic:alchemytable/smelting_anointment",
            "text": "Использует тепло для плавки собранных блоков. $(br2)Допустимые предметы: Инструменты, Мечи, Заряды. $(br2)Применяется: Нагретый инструмент I (256 блоков)"
        },
        {
            "type": "bloodmagic:crafting_alchemy_table",
            "heading": "Slow-burning Oil L",
            "recipe": "bloodmagic:alchemytable/smelting_anointment_l",
            "text": "Эта улучшенная версия помазания действует в четыре раза дольше. $(br2)Применяется: Нагретый инструмент I (1024 блока)"
        },
        {
            "type": "bloodmagic:crafting_alchemy_table",
            "heading": "Slow-burning Oil XL",
            "recipe": "bloodmagic:alchemytable/smelting_anointment_xl",
            "text": "Эта улучшенная версия помазания действует в шестнадцать раз дольше. $(br2)Применяется: Нагретый инструмент I (4096 блоков)"
        }
    ]
}