{
    "name": "Сущность Пустоты",
    "icon": "bloodmagic:voiding_anointment",
    "category": "bloodmagic:alchemy_table/anointments",
    "pages": [
        {
            "type": "bloodmagic:crafting_alchemy_table",
            "heading": "Void Essence",
            "recipe": "bloodmagic:alchemytable/voiding_anointment",
            "text": "Удаляет простые блоки при добыче полезных ископаемых, такие как камень, грязь и адский камень. $(br2)Допустимые предметы: Инструменты, Мечи, Заряды. $(br2)Применяется: Опустошение I (256 блоков)"
        },
        {
            "type": "bloodmagic:crafting_alchemy_table",
            "heading": "Void Essence L",
            "recipe": "bloodmagic:alchemytable/voiding_anointment_l",
            "text": "Эта улучшенная версия помазания длится в четыре раза дольше. $(br2)Применяется: Опустошение I (1024 блока)"
        },
        {
            "type": "bloodmagic:crafting_alchemy_table",
            "heading": "Void Essence XL",
            "recipe": "bloodmagic:alchemytable/voiding_anointment_xl",
            "text": "Эта улучшенная версия помазания длится в шестнадцать раз дольше. $(br2)Применяется: Опустошение I (4096 блоков)"
        }
    ]
}