{
    "name": "Ремонтная мазь",
    "icon": "bloodmagic:weapon_repair_anointment",
    "category": "bloodmagic:alchemy_table/anointments",
    "pages": [
        {
            "type": "bloodmagic:crafting_alchemy_table",
            "heading": "Repairing Salve",
            "recipe": "bloodmagic:alchemytable/weapon_repair_anointment",
            "text": "Ремонтирует поврежденные инструменты на 1 очко при использовании инструмента. $(br2)Допустимые предметы: Инструменты, Мечи.$(br2)Применяется: Регулярное обслуживание I (256 блоков)"
        },
        {
            "type": "bloodmagic:crafting_alchemy_table",
            "heading": "Repairing Salve L",
            "recipe": "bloodmagic:alchemytable/weapon_repair_anointment_l",
            "text": "Эта улучшенная версия помазания действует в четыре раза дольше. $(br2)Применяется: Регулярное обслуживание I (1024 блока)"
        },
        {
            "type": "bloodmagic:crafting_alchemy_table",
            "heading": "Repairing Salve II",
            "recipe": "bloodmagic:alchemytable/weapon_repair_anointment_2",
            "text": "Эта улучшенная версия помазания восстанавливает инструмент на 2 очка за каждое полученное очко урона. Не активируется, если это приведет к потере части бонуса ремонта. $(br2)Применяется: Регулярное техническое обслуживание II (256 блоков)"
        },
        {
            "type": "bloodmagic:crafting_alchemy_table",
            "heading": "Repairing Salve XL",
            "recipe": "bloodmagic:alchemytable/weapon_repair_anointment_xl",
            "text": "Эта улучшенная версия помазания длится в шестнадцать раз дольше. $(br2)Применяется: Регулярное обслуживание I (4096 блоков)"
        },
        {
            "type": "bloodmagic:crafting_alchemy_table",
            "heading": "Repairing Salve III",
            "recipe": "bloodmagic:alchemytable/weapon_repair_anointment_3",
            "text": "Эта улучшенная версия помазания восстанавливает инструмент на 3 очка за каждое полученное очко урона. Не активируется, если это приведет к потере части бонуса ремонта. $(br2)Применяется: Регулярное техническое обслуживание III (256 блоков)"
        }
    ]
}